Sl_no,User_name,Bikestation_name,Bike_name,Bike_price,Rent_date,Return_date,Status,total_amout
1,cdurning2y@hubpages.com,Bikers Spots,Hunter 350,1200,2023-12-28,2023-12-30,available,2400
2,lwaddam74@1und1.de,iones two wheelers,Royal enfeild interceptor,2000,2023-12-28,2023-12-31,available,6000
3,scoleshp@canalblog.com,Bikers Point,DIO,500,2023-12-28,2023-12-29,available,500
4,rdunnicoou@washingtonpost.com,Bikers Lover,Activa,600,2023-12-28,2024-01-01,available,2400
5,fzottoli72@go.com,Bikers Hub,Royal enfeild bullet 350,1000,2023-12-27,2023-12-28,available,1000
6,ehabgoodbi@bloomberg.com,Bikers Spots,Hunter 350,1200,2023-12-27,2024-01-05,available,10800
7,ccasellaseh@infoseek.co.jp,Bikers Hunt,DIO,500,2023-12-27,2023-12-28,available,500
8,erudland4h@yellowbook.com,Bikers Spots,Hunter 350,1200,2023-12-26,2023-12-27,available,1200
9,khallumsa7@usgs.gov,Bikers Point,DIO,500,2023-12-26,2023-12-27,available,500
10,lbilhamin@facebook.com,Bikers Hub,pulsar,800,2023-12-26,2023-12-29,available,2400
11,pwelmann6@biblegateway.com,Bikers Spots,Continental GT 650,1800,2023-12-26,2023-12-28,available,3600
12,jivakhnoviv@wired.com,Bikers Hub,Royal enfeild bullet 350,1000,2023-12-25,2023-12-28,available,3000
13,twatkinl4@163.com,Bikers Spots,Hunter 350,1200,2023-12-25,2023-12-27,available,2400
14,fdiggin5v@scribd.com,Bikers Spots,Himalayan 450,1500,2023-12-24,2023-12-29,available,7500
15,epaynton98@bing.com,Bikers Spots,pulsar,800,2023-12-24,2023-12-26,available,1600
16,ftesmondco@soup.io,Bikers Hunt,DIO,500,2023-12-24,2023-12-28,available,2000
17,hhellerhw@state.tx.us,Bikers Spots,Continental GT 650,1800,2023-12-23,2023-12-26,available,5400
18,ahaffnerob@ebay.co.uk,Bikers Hunt,DIO,500,2023-12-23,2023-12-25,available,1000
19,pparzislz@elpais.com,Bikers Point,DIO,500,2023-12-22,2023-12-24,available,1000
20,ehammerbergp8@gov.uk,Bikers Point,DIO,500,2023-12-22,2023-12-30,available,4000
21,mpriter81@sciencedirect.com,Bikers Hub,Royal enfeild bullet 350,1000,2023-12-21,2023-12-23,available,2000
22,lofeeneyem@dagondesign.com,Bikers Hub,Royal enfeild bullet 350,1000,2023-12-21,2023-12-22,available,1000
23,csheircliffeh5@hc360.com,Bikers Spots,Hunter 350,1200,2023-12-21,2023-12-26,available,6000
24,smoulandlg@chicagotribune.com,Bikers Lover,Activa,600,2023-12-21,2023-12-24,available,1800
25,elyddyardcr@domainmarket.com,Bikers Point,DIO,500,2023-12-19,2023-12-24,available,2500
26,mwerndleygm@prlog.org,Bikers Hub,Royal enfeild bullet 350,1000,2023-12-19,2023-12-22,available,3000
27,lsherrinpj@gizmodo.com,Bikers Hub,pulsar,800,2023-12-19,2023-12-24,available,4000
28,rholme3v@salon.com,Bikers Hub,pulsar,800,2023-12-18,2023-12-22,available,3200
29,vsewartav@chicagotribune.com,Bikers Spots,Hunter 350,1200,2023-12-18,2023-12-21,available,3600
30,elumsdalefd@mapquest.com,Bikers Point,DIO,500,2023-12-18,2023-12-22,available,2000
31,mbanaszkiewiczpy@squidoo.com,Bikers Hub,pulsar,800,2023-12-18,2023-12-21,available,2400
32,alett7h@addthis.com,Bikers Hub,Royal enfeild bullet 350,1000,2023-12-17,2023-12-20,available,3000
33,dromer7j@facebook.com,Bikers Hunt,pulsar,800,2023-12-17,2023-12-22,available,4000
34,lreiglar8k@google.nl,Bikers Point,DIO,500,2023-12-17,2023-12-19,available,1000
35,vblaxallaf@sun.com,Bikers Spots,pulsar,800,2023-12-17,2023-12-27,available,8000
36,kmuslimgg@istockphoto.com,Bikers Point,DIO,500,2023-12-17,2023-12-18,available,500
37,cmaccleodir@google.fr,iones two wheelers,Royal enfeild interceptor,2000,2023-12-17,2023-12-19,available,4000
38,lgiorgeschi5j@tripadvisor.com,Bikers Lover,Activa,600,2023-12-16,2023-12-26,available,6000
39,cogdahlmi@storify.com,Bikers Spots,pulsar,800,2023-12-16,2023-12-18,available,1600
40,alornsenr1@psu.edu,Bikers Hunt,DIO,500,2023-12-16,2023-12-17,available,500
41,hodams3l@w3.org,Bikers Hub,Royal enfeild bullet 350,1000,2023-12-15,2023-12-18,available,3000
42,mplaydenc8@yandex.ru,Bikers Point,DIO,500,2023-12-14,2023-12-16,available,1000
43,mchezellel7@blinklist.com,iones two wheelers,Royal enfeild interceptor,2000,2023-12-13,2023-12-14,available,2000
44,gbrillm@sohu.com,Bikers Point,DIO,500,2023-12-13,2023-12-14,available,500
45,naxup41@xing.com,Bikers Hub,pulsar,800,2023-12-12,2023-12-13,available,800
46,mmocher5f@springer.com,iones two wheelers,DIO,500,2023-12-12,2023-12-14,available,1000
47,owenham6l@rediff.com,Bikers Point,Himalayan 450,1500,2023-12-12,2023-12-14,available,3000
48,kmudgeja@a8.net,Bikers Hub,pulsar,800,2023-12-12,2023-12-21,available,7200
49,boulnerkf@house.gov,Bikers Point,Himalayan 450,1500,2023-12-12,2023-12-15,available,4500
50,ulevesleykm@nifty.com,Bikers Hub,pulsar,800,2023-12-12,2023-12-16,available,3200
51,tgaddas44@webs.com,Bikers Spots,pulsar,800,2023-12-11,2023-12-14,available,2400
52,hcoulthard5d@cmu.edu,Bikers Point,DIO,500,2023-12-11,2023-12-12,available,500
53,mdowdall91@comsenz.com,Bikers Point,DIO,500,2023-12-11,2023-12-12,available,500
54,jteeskk@ask.com,iones two wheelers,DIO,500,2023-12-11,2023-12-13,available,1000
55,bcasarinoph@cnbc.com,Bikers Hunt,pulsar,800,2023-12-11,2023-12-12,available,800
56,pfilippelloq1@wp.com,Bikers Hunt,DIO,500,2023-12-11,2023-12-12,available,500
57,bskells5t@ustream.tv,Bikers Hunt,pulsar,800,2023-12-09,2023-12-14,available,4000
58,bboocock8a@is.gd,Bikers Lover,Activa,600,2023-12-09,2023-12-10,available,600
59,slegrovegl@diigo.com,Bikers Point,DIO,500,2023-12-09,2023-12-12,available,1500
60,hborno0@qq.com,Bikers Hub,Royal enfeild bullet 350,1000,2023-12-09,2023-12-10,available,1000
61,mpeacockebk@google.it,Bikers Point,DIO,500,2023-12-08,2023-12-10,available,1000
62,dgreggordw@scientificamerican.com,Bikers Point,DIO,500,2023-12-08,2023-12-11,available,1500
63,hmullinder2z@bandcamp.com,Bikers Spots,pulsar,800,2023-12-07,2023-12-09,available,1600
64,bkisar8s@angelfire.com,Bikers Hunt,pulsar,800,2023-12-07,2023-12-09,available,1600
65,hmurisonab@sphinn.com,Bikers Hub,pulsar,800,2023-12-07,2023-12-10,available,2400
66,mmatchamf2@wsj.com,Bikers Hub,Royal enfeild bullet 350,1000,2023-12-07,2023-12-12,available,5000
67,jredbournqc@hp.com,Bikers Point,Himalayan 450,1500,2023-12-07,2023-12-10,available,4500
68,pbaumaier1p@fastcompany.com,Bikers Hunt,DIO,500,2023-12-06,2023-12-09,available,1500
69,rclyne2x@nsw.gov.au,Bikers Lover,Activa,600,2023-12-06,2023-12-13,available,4200
70,jmarteletbt@jigsy.com,Bikers Point,DIO,500,2023-12-06,2023-12-10,available,2000
71,slukasfv@barnesandnoble.com,Bikers Lover,Activa,600,2023-12-06,2023-12-08,available,1200
72,amattekih@indiegogo.com,Bikers Spots,Continental GT 650,1800,2023-12-06,2023-12-10,available,7200
73,jberrycw@google.fr,Bikers Lover,Activa,600,2023-12-05,2023-12-11,available,3600
74,gsergeantd2@patch.com,Bikers Hunt,DIO,500,2023-12-05,2023-12-07,available,1000
75,hkohn2p@blinklist.com,Bikers Spots,Hunter 350,1200,2023-12-04,2023-12-06,available,2400
76,sthraves5z@1688.com,Bikers Hub,Royal enfeild bullet 350,1000,2023-12-04,2023-12-08,available,4000
77,wjosilowskia9@microsoft.com,Bikers Spots,Continental GT 650,1800,2023-12-04,2023-12-06,available,3600
78,lbeentjesbr@harvard.edu,Bikers Lover,Activa,600,2023-12-04,2023-12-07,available,1800
79,alaveryqm@gizmodo.com,Bikers Hub,pulsar,800,2023-12-04,2023-12-07,available,2400
80,ckeightley27@typepad.com,iones two wheelers,DIO,500,2023-12-03,2023-12-04,available,500
81,cenneverau@techcrunch.com,Bikers Hub,pulsar,800,2023-12-03,2023-12-04,available,800
82,earnholtzgz@dailymail.co.uk,Bikers Lover,Activa,600,2023-12-02,2023-12-05,available,1800
83,eblasetti6x@webs.com,Bikers Hub,pulsar,800,2023-12-01,2023-12-03,available,1600
84,aduxbarry46@sun.com,Bikers Hub,pulsar,800,2023-11-28,2023-12-01,available,2400
85,apenasey@uiuc.edu,Bikers Hub,pulsar,800,2023-11-27,2023-12-01,available,3200
86,ovickeryic@constantcontact.com,Bikers Point,Himalayan 450,1500,2023-11-25,2023-11-26,available,1500
87,ebradnumdf@de.vu,Bikers Point,Himalayan 450,1500,2023-11-24,2023-11-27,available,4500
88,hkrzyzowski4t@va.gov,Bikers Spots,Hunter 350,1200,2023-11-21,2023-11-25,available,4800
89,phullyerqa@google.pl,Bikers Point,DIO,500,2023-11-21,2023-11-24,available,1500
90,swinspeare73@istockphoto.com,iones two wheelers,DIO,500,2023-11-19,2023-11-21,available,1000
91,imadders6d@wiley.com,iones two wheelers,Royal enfeild interceptor,2000,2023-11-17,2023-11-23,available,12000
92,sbrusselshr@guardian.co.uk,Bikers Point,DIO,500,2023-11-17,2023-11-18,available,500
93,bmquhan69@virginia.edu,Bikers Point,DIO,500,2023-11-16,2023-11-18,available,1000
94,ovorley50@bloglovin.com,Bikers Hub,Royal enfeild bullet 350,1000,2023-11-12,2023-11-13,available,1000
95,pmacgettigen94@google.com.au,Bikers Hub,pulsar,800,2023-11-12,2023-11-13,available,800
96,giuoriofb@netscape.com,Bikers Point,Himalayan 450,1500,2023-11-10,2023-11-16,available,9000
97,shedgerbc@instagram.com,Bikers Point,DIO,500,2023-11-09,2023-11-10,available,500
98,fsandifer5w@slate.com,Bikers Hunt,DIO,500,2023-11-08,2023-11-10,available,1000
99,otanzigdh@nydailynews.com,Bikers Hunt,DIO,500,2023-11-08,2023-11-11,available,1500
100,pharnessch@cnet.com,Bikers Hub,pulsar,800,2023-11-07,2023-11-08,available,800
101,edurningi5@guardian.co.uk,iones two wheelers,DIO,500,2023-11-07,2023-11-08,available,500
102,emctrustie4p@cam.ac.uk,Bikers Lover,Activa,600,2023-11-05,2023-11-08,available,1800
103,dtrokerji@delicious.com,iones two wheelers,DIO,500,2023-11-02,2023-11-05,available,1500
104,kduffill15@microsoft.com,iones two wheelers,Royal enfeild interceptor,2000,2023-11-01,2023-11-08,available,14000
105,mpactat5e@xinhuanet.com,Bikers Hub,Royal enfeild bullet 350,1000,2023-10-25,2023-10-29,available,4000
106,bostrichkr@dot.gov,Bikers Point,DIO,500,2023-10-24,2023-10-30,available,3000
107,nmunnerymu@cafepress.com,Bikers Hub,pulsar,800,2023-10-22,2023-10-23,available,800
108,cdousefy@live.com,Bikers Hub,Royal enfeild bullet 350,1000,2023-10-19,2023-10-21,available,2000
109,tdingivanmh@soundcloud.com,Bikers Spots,Hunter 350,1200,2023-10-17,2023-10-24,available,8400
110,ssiebertna@myspace.com,iones two wheelers,Royal enfeild interceptor,2000,2023-10-17,2023-10-18,available,2000
111,cmoulesbo@latimes.com,Bikers Hub,pulsar,800,2023-10-15,2023-10-20,available,4000
112,gquartermainedu@yellowbook.com,Bikers Hub,Royal enfeild bullet 350,1000,2023-10-15,2023-10-17,available,2000
113,drollanddc@irs.gov,Bikers Spots,pulsar,800,2023-10-14,2023-10-17,available,2400
114,acreaserlu@examiner.com,Bikers Lover,Activa,600,2023-10-14,2023-10-16,available,1200
115,wbeaze38@patch.com,Bikers Lover,Royal enfeild interceptor,2000,2023-10-13,2023-10-14,available,2000
116,ceixenberger9h@timesonline.co.uk,Bikers Hub,Royal enfeild bullet 350,1000,2023-10-13,2023-10-18,available,5000
117,glarimerft@abc.net.au,Bikers Point,Himalayan 450,1500,2023-10-12,2023-10-14,available,3000
118,nrhymes3y@cbsnews.com,Bikers Hub,Royal enfeild bullet 350,1000,2023-10-11,2023-10-15,available,4000
119,rerbdg@plala.or.jp,Bikers Point,DIO,500,2023-10-10,2023-10-11,available,500
120,sdawbyll@indiegogo.com,Bikers Spots,pulsar,800,2023-10-07,2023-10-16,available,7200
121,rcanedo8c@discovery.com,Bikers Hunt,Royal enfeild interceptor,2000,2023-10-06,2023-10-08,available,4000
122,lchaterg2@godaddy.com,Bikers Lover,Activa,600,2023-10-04,2023-10-06,available,1200
123,hburttjc@devhub.com,Bikers Lover,Activa,600,2023-10-02,2023-10-08,available,3600
124,ljefferyso3@soundcloud.com,Bikers Lover,Activa,600,2023-10-02,2023-10-05,available,1800
125,ccathelf8@tamu.edu,Bikers Hub,pulsar,800,2023-10-01,2023-10-03,available,1600
126,klongwood5l@prlog.org,Bikers Hunt,pulsar,800,2023-09-28,2023-10-08,available,8000
127,lbartoliniht@redcross.org,iones two wheelers,DIO,500,2023-09-28,2023-09-30,available,1000
128,dpenrethmn@army.mil,Bikers Hub,pulsar,800,2023-09-28,2023-10-01,available,2400
129,jwhelanf@google.cn,Bikers Hub,pulsar,800,2023-09-27,2023-09-28,available,800
130,sdahlg@intel.com,Bikers Point,DIO,500,2023-09-27,2023-09-29,available,1000
131,amcgauhy6m@wordpress.org,iones two wheelers,Royal enfeild interceptor,2000,2023-09-27,2023-09-29,available,4000
132,jfeltoefn@ehow.com,Bikers Point,DIO,500,2023-09-27,2023-09-29,available,1000
133,speltzq9@360.cn,Bikers Lover,Activa,600,2023-09-27,2023-10-02,available,3000
134,gdrewson8g@dailymail.co.uk,Bikers Point,DIO,500,2023-09-26,2023-09-27,available,500
135,bhaycrafti6@ameblo.jp,Bikers Point,DIO,500,2023-09-26,2023-09-27,available,500
136,aevers3i@smh.com.au,iones two wheelers,DIO,500,2023-09-25,2023-09-26,available,500
137,jjobb8m@w3.org,Bikers Point,Himalayan 450,1500,2023-09-25,2023-09-27,available,3000
138,obaldoccij8@creativecommons.org,Bikers Hub,pulsar,800,2023-09-25,2023-10-02,available,5600
139,ecapon18@simplemachines.org,Bikers Spots,pulsar,800,2023-09-24,2023-09-25,available,800
140,kfontell8e@utexas.edu,Bikers Spots,Himalayan 450,1500,2023-09-24,2023-10-02,available,12000
141,mchaplindp@icq.com,Bikers Point,Himalayan 450,1500,2023-09-24,2023-09-26,available,3000
142,larminlk@howstuffworks.com,Bikers Hub,pulsar,800,2023-09-24,2023-09-25,available,800
143,afaullh2@ed.gov,Bikers Point,DIO,500,2023-09-23,2023-09-27,available,2000
144,sphilliskirkq4@acquirethisname.com,Bikers Spots,Hunter 350,1200,2023-09-23,2023-10-03,available,12000
145,clonghirst4d@tmall.com,Bikers Hub,Royal enfeild bullet 350,1000,2023-09-22,2023-09-25,available,3000
146,hrudeyeard75@last.fm,Bikers Hub,Royal enfeild bullet 350,1000,2023-09-22,2023-09-23,available,1000
147,swealeaz@mapy.cz,Bikers Hunt,pulsar,800,2023-09-21,2023-09-25,available,3200
148,fchazierql@google.ca,iones two wheelers,DIO,500,2023-09-21,2023-09-26,available,2500
149,wbrigdale3f@trellian.com,Bikers Hub,pulsar,800,2023-09-19,2023-09-22,available,2400
150,bkeble4f@lycos.com,Bikers Spots,Himalayan 450,1500,2023-09-19,2023-09-20,available,1500
151,ospirit68@geocities.com,Bikers Lover,Activa,600,2023-09-19,2023-09-24,available,3000
152,btournergv@guardian.co.uk,Bikers Spots,pulsar,800,2023-09-19,2023-09-23,available,3200
153,studballjm@squidoo.com,Bikers Hub,pulsar,800,2023-09-19,2023-09-21,available,1600
154,mbuckammo@addthis.com,Bikers Point,DIO,500,2023-09-18,2023-09-21,available,1500
155,sashforthbf@sbwire.com,Bikers Spots,Hunter 350,1200,2023-09-17,2023-09-19,available,2400
156,fdeverilh6@dedecms.com,Bikers Lover,Activa,600,2023-09-17,2023-09-18,available,600
157,mimason1y@comcast.net,Bikers Point,DIO,500,2023-09-16,2023-09-19,available,1500
158,kparnelld9@seattletimes.com,Bikers Hunt,DIO,500,2023-09-16,2023-09-18,available,1000
159,swickensr@shop-pro.jp,Bikers Spots,pulsar,800,2023-09-15,2023-09-18,available,2400
160,sdisdeln5@edublogs.org,Bikers Hunt,DIO,500,2023-09-15,2023-09-21,available,3000
161,fkinch59@sphinn.com,Bikers Point,DIO,500,2023-09-14,2023-09-23,available,4500
162,kmarchingtonmr@t-online.de,Bikers Hunt,pulsar,800,2023-09-14,2023-09-17,available,2400
163,cdommettne@sogou.com,Bikers Hub,pulsar,800,2023-09-14,2023-09-18,available,3200
164,skinkeadl6@list-manage.com,Bikers Point,DIO,500,2023-09-13,2023-09-14,available,500
165,tbushelln9@ovh.net,Bikers Spots,Himalayan 450,1500,2023-09-13,2023-09-15,available,3000
166,wallridget@weibo.com,iones two wheelers,DIO,500,2023-09-12,2023-09-17,available,2500
167,bpoller7g@123-reg.co.uk,Bikers Lover,Activa,600,2023-09-12,2023-09-19,available,4200
168,stiremang9@wsj.com,Bikers Lover,Activa,600,2023-09-12,2023-09-15,available,1800
169,ukirwanl9@indiatimes.com,Bikers Lover,Activa,600,2023-09-12,2023-09-13,available,600
170,laddlestonend@blinklist.com,Bikers Spots,Hunter 350,1200,2023-09-12,2023-09-20,available,9600
171,ccolafate1d@opensource.org,Bikers Hub,pulsar,800,2023-09-11,2023-09-12,available,800
172,lwhyelj@webs.com,Bikers Point,DIO,500,2023-09-11,2023-09-14,available,1500
173,jfullegarnh@jigsy.com,Bikers Lover,Activa,600,2023-09-11,2023-09-14,available,1800
174,lbatramjl@icio.us,Bikers Spots,Hunter 350,1200,2023-09-10,2023-09-12,available,2400
175,hmulvy2g@youku.com,Bikers Point,DIO,500,2023-09-09,2023-09-10,available,500
176,ymurdochq7@mit.edu,Bikers Spots,Hunter 350,1200,2023-09-09,2023-09-14,available,6000
177,lperssea6@arizona.edu,Bikers Point,DIO,500,2023-09-08,2023-09-12,available,2000
178,rgreensmithd0@vistaprint.com,iones two wheelers,Royal enfeild interceptor,2000,2023-09-08,2023-09-16,available,16000
179,vmillwalle9@narod.ru,Bikers Hub,Royal enfeild bullet 350,1000,2023-09-08,2023-09-12,available,4000
180,dbeckeyhl@yahoo.co.jp,Bikers Spots,pulsar,800,2023-09-08,2023-09-17,available,7200
181,rpelosop@dmoz.org,Bikers Point,Himalayan 450,1500,2023-09-08,2023-09-12,available,6000
182,cosheildspa@yelp.com,Bikers Spots,pulsar,800,2023-09-08,2023-09-13,available,4000
183,hfrentz9f@wp.com,Bikers Lover,Activa,600,2023-09-07,2023-09-08,available,600
184,jsturchbn@a8.net,Bikers Spots,Hunter 350,1200,2023-09-07,2023-09-08,available,1200
185,ftalbot1c@umich.edu,Bikers Point,DIO,500,2023-09-06,2023-09-08,available,1000
186,mbushby21@ocn.ne.jp,Bikers Spots,Hunter 350,1200,2023-09-06,2023-09-16,available,12000
187,sgrestyegc@who.int,Bikers Point,DIO,500,2023-09-06,2023-09-07,available,500
188,tgerrietz70@cdc.gov,iones two wheelers,Royal enfeild interceptor,2000,2023-09-05,2023-09-08,available,6000
189,lbeange79@dyndns.org,Bikers Point,DIO,500,2023-09-05,2023-09-06,available,500
190,mabaroughc1@mapquest.com,Bikers Spots,Hunter 350,1200,2023-09-05,2023-09-11,available,7200
191,cconkeynu@vk.com,Bikers Hunt,DIO,500,2023-09-05,2023-09-06,available,500
192,cvanzonj7@163.com,Bikers Spots,pulsar,800,2023-09-04,2023-09-13,available,7200
193,cclemente7l@so-net.ne.jp,Bikers Hub,pulsar,800,2023-09-03,2023-09-08,available,4000
194,sauberthf@si.edu,Bikers Point,DIO,500,2023-09-03,2023-09-05,available,1000
195,wtrowleas@so-net.ne.jp,Bikers Point,DIO,500,2023-09-02,2023-09-05,available,1500
196,srendallhb@free.fr,iones two wheelers,DIO,500,2023-09-02,2023-09-03,available,500
197,ttowne@nytimes.com,Bikers Point,DIO,500,2023-09-01,2023-09-02,available,500
198,avandersondq@newyorker.com,Bikers Hub,Royal enfeild bullet 350,1000,2023-08-28,2023-08-29,available,1000
199,wwarbeysoy@webmd.com,Bikers Spots,Hunter 350,1200,2023-08-28,2023-08-31,available,3600
200,rpalek6k@xing.com,Bikers Point,DIO,500,2023-08-27,2023-08-30,available,1500
201,cbetteo6@gravatar.com,Bikers Spots,Continental GT 650,1800,2023-08-27,2023-08-31,available,7200
202,rdrinkalloa@slate.com,Bikers Hunt,pulsar,800,2023-08-27,2023-08-30,available,2400
203,mbrunnp4@bigcartel.com,Bikers Hub,Royal enfeild bullet 350,1000,2023-08-27,2023-08-28,available,1000
204,galldritt40@opera.com,Bikers Lover,Activa,600,2023-08-26,2023-08-28,available,1200
205,kewbach71@bluehost.com,Bikers Hub,Royal enfeild bullet 350,1000,2023-08-26,2023-08-27,available,1000
206,gashforth8o@usatoday.com,Bikers Spots,Hunter 350,1200,2023-08-26,2023-08-27,available,1200
207,mboomese8@scientificamerican.com,Bikers Spots,Continental GT 650,1800,2023-08-26,2023-08-29,available,5400
208,mhowlandaq@paypal.com,Bikers Spots,Hunter 350,1200,2023-08-25,2023-08-29,available,4800
209,gshafierhn@hud.gov,Bikers Hunt,DIO,500,2023-08-25,2023-08-31,available,3000
210,mdaulbyjh@examiner.com,Bikers Hub,pulsar,800,2023-08-25,2023-09-01,available,5600
211,pmurfordlq@over-blog.com,Bikers Spots,Himalayan 450,1500,2023-08-25,2023-09-01,available,10500
212,ogasparro1q@sbwire.com,Bikers Hub,pulsar,800,2023-08-24,2023-08-30,available,4800
213,lcorpes2v@nbcnews.com,Bikers Point,DIO,500,2023-08-24,2023-08-25,available,500
214,ncrispejo@mtv.com,Bikers Hub,Royal enfeild bullet 350,1000,2023-08-24,2023-08-28,available,4000
215,elimpkinmg@alibaba.com,Bikers Spots,pulsar,800,2023-08-24,2023-08-26,available,1600
216,bgorryor@gizmodo.com,iones two wheelers,Royal enfeild interceptor,2000,2023-08-24,2023-08-27,available,6000
217,lwallice6v@reuters.com,iones two wheelers,Royal enfeild interceptor,2000,2023-08-23,2023-08-24,available,2000
218,hcordellkc@earthlink.net,Bikers Point,DIO,500,2023-08-23,2023-09-02,available,5000
219,mmettrick4r@infoseek.co.jp,Bikers Lover,Activa,600,2023-08-22,2023-08-24,available,1200
220,jmartinec9b@tuttocitta.it,Bikers Spots,Continental GT 650,1800,2023-08-22,2023-08-24,available,3600
221,gvandenveldela@alibaba.com,Bikers Point,DIO,500,2023-08-22,2023-08-23,available,500
222,darrandale20@drupal.org,Bikers Hub,pulsar,800,2023-08-21,2023-08-22,available,800
223,ccruddace8p@xing.com,Bikers Spots,Hunter 350,1200,2023-08-21,2023-08-22,available,1200
224,gconelly9s@about.me,Bikers Point,DIO,500,2023-08-21,2023-08-22,available,500
225,vslesserkp@harvard.edu,Bikers Hub,pulsar,800,2023-08-21,2023-08-26,available,4000
226,fkittleymp@umich.edu,Bikers Hub,pulsar,800,2023-08-21,2023-08-22,available,800
227,ccollomossenw@last.fm,Bikers Spots,Continental GT 650,1800,2023-08-20,2023-08-21,available,1800
228,mbidewelrk@csmonitor.com,Bikers Spots,Hunter 350,1200,2023-08-20,2023-08-21,available,1200
229,ugullane8n@51.la,Bikers Hub,Royal enfeild bullet 350,1000,2023-08-19,2023-08-24,available,5000
230,zpahlerda@nasa.gov,iones two wheelers,DIO,500,2023-08-19,2023-08-25,available,3000
231,wwilkensonmk@t-online.de,Bikers Hub,pulsar,800,2023-08-19,2023-08-23,available,3200
232,mmatskevich42@g.co,iones two wheelers,DIO,500,2023-08-18,2023-08-20,available,1000
233,inizardrg@upenn.edu,Bikers Hub,pulsar,800,2023-08-18,2023-08-24,available,4800
234,rtregalev@dmoz.org,iones two wheelers,DIO,500,2023-08-17,2023-08-19,available,1000
235,ftewkesberrie7i@infoseek.co.jp,Bikers Hub,Royal enfeild bullet 350,1000,2023-08-17,2023-08-25,available,8000
236,csollowayi1@freewebs.com,Bikers Hunt,Royal enfeild interceptor,2000,2023-08-17,2023-08-23,available,12000
237,cpaviees@state.tx.us,iones two wheelers,Royal enfeild interceptor,2000,2023-08-16,2023-08-19,available,6000
238,bmenloe4l@google.es,Bikers Lover,Activa,600,2023-08-15,2023-08-17,available,1200
239,cflawn4u@comsenz.com,Bikers Point,DIO,500,2023-08-15,2023-08-17,available,1000
240,aaskine4@sina.com.cn,Bikers Hunt,DIO,500,2023-08-15,2023-08-24,available,4500
241,dburminghamig@geocities.jp,Bikers Hub,Royal enfeild bullet 350,1000,2023-08-15,2023-08-20,available,5000
242,kbuttery87@multiply.com,Bikers Hub,pulsar,800,2023-08-14,2023-08-16,available,1600
243,ahawksleej3@posterous.com,Bikers Point,DIO,500,2023-08-14,2023-08-17,available,1500
244,zmarie2h@histats.com,Bikers Spots,Hunter 350,1200,2023-08-12,2023-08-13,available,1200
245,lwhotton3z@ucoz.com,Bikers Hub,pulsar,800,2023-08-12,2023-08-13,available,800
246,eloud9r@chron.com,Bikers Point,DIO,500,2023-08-12,2023-08-14,available,1000
247,hwhithalghfw@phpbb.com,Bikers Spots,Hunter 350,1200,2023-08-12,2023-08-19,available,8400
248,fbabbageki@npr.org,Bikers Hub,Royal enfeild bullet 350,1000,2023-08-12,2023-08-17,available,5000
249,bhicklingbottom6b@dagondesign.com,Bikers Lover,Activa,600,2023-08-11,2023-08-21,available,6000
250,lanscott7x@vinaora.com,Bikers Point,DIO,500,2023-08-11,2023-08-14,available,1500
251,bscraney4b@about.me,Bikers Point,DIO,500,2023-08-09,2023-08-17,available,4000
252,tlieb3g@goo.gl,Bikers Hunt,DIO,500,2023-08-08,2023-08-11,available,1500
253,sbelleniehd@soundcloud.com,Bikers Hub,pulsar,800,2023-08-08,2023-08-09,available,800
254,gcaneopp@moonfruit.com,Bikers Hunt,DIO,500,2023-08-08,2023-08-09,available,500
255,syedyq8@linkedin.com,Bikers Lover,Activa,600,2023-08-08,2023-08-12,available,2400
256,ndincke3r@va.gov,Bikers Point,DIO,500,2023-08-07,2023-08-13,available,3000
257,scorbin9j@facebook.com,Bikers Hub,Royal enfeild bullet 350,1000,2023-08-07,2023-08-11,available,4000
258,kfersonk5@time.com,Bikers Point,DIO,500,2023-08-07,2023-08-16,available,4500
259,lcawdell8f@networksolutions.com,Bikers Hub,Royal enfeild bullet 350,1000,2023-08-06,2023-08-10,available,4000
260,fbraddence@mozilla.com,Bikers Point,Himalayan 450,1500,2023-08-06,2023-08-09,available,4500
261,idunstonk0@desdev.cn,Bikers Lover,Activa,600,2023-08-06,2023-08-09,available,1800
262,zosichevpv@smh.com.au,Bikers Hunt,DIO,500,2023-08-06,2023-08-09,available,1500
263,nsall1@gizmodo.com,Bikers Hub,Royal enfeild bullet 350,1000,2023-08-04,2023-08-06,available,2000
264,bbremnercp@creativecommons.org,Bikers Hub,Royal enfeild bullet 350,1000,2023-08-04,2023-08-05,available,1000
265,pmoreton34@google.cn,Bikers Hunt,DIO,500,2023-08-03,2023-08-04,available,500
266,lvolk4x@wp.com,Bikers Hub,Royal enfeild bullet 350,1000,2023-08-03,2023-08-05,available,2000
267,hmedwell7k@ft.com,Bikers Hub,pulsar,800,2023-08-03,2023-08-04,available,800
268,dmaccostyeak@techcrunch.com,Bikers Lover,Activa,600,2023-08-03,2023-08-04,available,600
269,mgreenacreax@dailymotion.com,Bikers Spots,Himalayan 450,1500,2023-08-03,2023-08-13,available,15000
270,dglanestermt@phpbb.com,Bikers Lover,Activa,600,2023-08-03,2023-08-08,available,3000
271,janfonsim@icq.com,Bikers Hub,pulsar,800,2023-08-02,2023-08-04,available,1600
272,rdenkel3p@nbcnews.com,Bikers Spots,pulsar,800,2023-08-02,2023-08-06,available,3200
273,bdeportcg@cnbc.com,Bikers Spots,pulsar,800,2023-08-02,2023-08-06,available,3200
274,rworlidgej0@disqus.com,Bikers Spots,Hunter 350,1200,2023-08-02,2023-08-12,available,12000
275,mfrancescone7y@i2i.jp,iones two wheelers,Royal enfeild interceptor,2000,2023-08-01,2023-08-07,available,12000
276,eanstiepl@yellowpages.com,Bikers Spots,pulsar,800,2023-07-28,2023-07-29,available,800
277,rfilipyevqj@wikimedia.org,Bikers Lover,Activa,600,2023-07-26,2023-07-27,available,600
278,rcartmaeln@cpanel.net,Bikers Lover,Activa,600,2023-07-23,2023-07-28,available,3000
279,jbazell6y@eepurl.com,iones two wheelers,DIO,500,2023-07-23,2023-07-24,available,500
280,gmilburnec9@gizmodo.com,Bikers Spots,Hunter 350,1200,2023-07-23,2023-07-26,available,3600
281,ahardistrygi@ox.ac.uk,iones two wheelers,DIO,500,2023-07-22,2023-07-25,available,1500
282,novendon4n@taobao.com,iones two wheelers,DIO,500,2023-07-21,2023-07-22,available,500
283,fbouldf0@qq.com,Bikers Lover,Activa,600,2023-07-21,2023-07-22,available,600
284,dnairndm@patch.com,Bikers Hub,Royal enfeild bullet 350,1000,2023-07-20,2023-07-28,available,8000
285,bforstalll2@admin.ch,Bikers Point,DIO,500,2023-07-20,2023-07-29,available,4500
286,splomcv@deliciousdays.com,Bikers Hub,Royal enfeild bullet 350,1000,2023-07-19,2023-07-21,available,2000
287,myurinovel@ehow.com,Bikers Hub,pulsar,800,2023-07-19,2023-07-22,available,2400
288,adallimareec@google.com,Bikers Point,DIO,500,2023-07-18,2023-07-21,available,1500
289,mhamsharfq@ifeng.com,iones two wheelers,DIO,500,2023-07-18,2023-07-20,available,1000
290,pfeldharkerbm@example.com,Bikers Point,DIO,500,2023-07-17,2023-07-21,available,2000
291,sextaliq@indiegogo.com,Bikers Point,DIO,500,2023-07-17,2023-07-19,available,1000
292,ydunkersleyar@ovh.net,Bikers Point,Himalayan 450,1500,2023-07-14,2023-07-20,available,9000
293,rmarwoodc7@yelp.com,Bikers Hub,Royal enfeild bullet 350,1000,2023-07-12,2023-07-14,available,2000
294,djodrellecku@parallels.com,Bikers Point,DIO,500,2023-07-12,2023-07-15,available,1500
295,asueroc3@businessweek.com,Bikers Hub,Royal enfeild bullet 350,1000,2023-07-11,2023-07-12,available,1000
296,streadwayp3@un.org,Bikers Hub,Royal enfeild bullet 350,1000,2023-07-11,2023-07-12,available,1000
297,mportugalek@webeden.co.uk,Bikers Lover,Activa,600,2023-07-09,2023-07-14,available,3000
298,nduinkerkrb@pen.io,Bikers Spots,pulsar,800,2023-07-08,2023-07-11,available,2400
299,lbuttreyia@usa.gov,Bikers Spots,pulsar,800,2023-07-06,2023-07-08,available,1600
300,pludovicorl@fema.gov,Bikers Lover,Activa,600,2023-07-06,2023-07-09,available,1800
301,sdudnyjs@simplemachines.org,Bikers Hub,pulsar,800,2023-07-04,2023-07-12,available,6400
302,ewaitlandd6@w3.org,Bikers Spots,Hunter 350,1200,2023-07-03,2023-07-06,available,3600
303,bbrunom@tripadvisor.com,Bikers Spots,Hunter 350,1200,2023-07-03,2023-07-08,available,6000
304,dspehr2e@berkeley.edu,Bikers Point,DIO,500,2023-07-02,2023-07-03,available,500
305,barman7q@ibm.com,Bikers Spots,Hunter 350,1200,2023-07-01,2023-07-02,available,1200
306,ccaunterpz@amazonaws.com,Bikers Spots,Hunter 350,1200,2023-06-28,2023-06-30,available,2400
307,jbaldacco56@wix.com,Bikers Point,DIO,500,2023-06-27,2023-06-28,available,500
308,nchessel35@cisco.com,Bikers Spots,pulsar,800,2023-06-26,2023-06-30,available,3200
309,nmaraga2i@jiathis.com,Bikers Hub,Royal enfeild bullet 350,1000,2023-06-25,2023-06-26,available,1000
310,ehilbourne7s@imageshack.us,Bikers Point,DIO,500,2023-06-24,2023-06-27,available,1500
311,wbill7z@blinklist.com,Bikers Hub,pulsar,800,2023-06-24,2023-07-03,available,7200
312,scolletth7@yellowpages.com,Bikers Hub,Royal enfeild bullet 350,1000,2023-06-23,2023-06-29,available,6000
313,ateodorob6@google.pl,Bikers Spots,pulsar,800,2023-06-22,2023-06-23,available,800
314,dwhyteke@edublogs.org,Bikers Spots,Hunter 350,1200,2023-06-22,2023-06-24,available,2400
315,jaronowitzpx@shop-pro.jp,Bikers Hub,pulsar,800,2023-06-19,2023-06-23,available,3200
316,shallatti2@desdev.cn,Bikers Lover,Activa,600,2023-06-17,2023-06-23,available,3600
317,tcresserpk@businesswire.com,iones two wheelers,DIO,500,2023-06-17,2023-06-22,available,2500
318,lharwinik@cafepress.com,Bikers Spots,Continental GT 650,1800,2023-06-16,2023-06-17,available,1800
319,msteagallps@nymag.com,Bikers Spots,Continental GT 650,1800,2023-06-12,2023-06-13,available,1800
320,hcrenageeq@thetimes.co.uk,Bikers Point,DIO,500,2023-06-11,2023-06-13,available,1000
321,apietzkerh0@yahoo.com,Bikers Lover,Activa,600,2023-06-11,2023-06-14,available,1800
322,rsacasebg@tinypic.com,Bikers Spots,pulsar,800,2023-06-09,2023-06-11,available,1600
323,kwinkworthl1@google.es,Bikers Hub,Royal enfeild bullet 350,1000,2023-06-09,2023-06-15,available,6000
324,gjannawayfe@indiegogo.com,iones two wheelers,DIO,500,2023-06-08,2023-06-11,available,1500
325,clillyrh@wisc.edu,Bikers Spots,pulsar,800,2023-06-07,2023-06-09,available,1600
326,hkennifick12@zdnet.com,Bikers Hub,pulsar,800,2023-06-03,2023-06-10,available,5600
327,ekilnergw@archive.org,Bikers Point,Himalayan 450,1500,2023-06-03,2023-06-05,available,3000
328,maronoffr4@toplist.cz,Bikers Hunt,pulsar,800,2023-06-02,2023-06-06,available,3200
329,hjodlowski1z@csmonitor.com,Bikers Hub,pulsar,800,2023-06-01,2023-06-07,available,4800
330,mbuzzing5b@rambler.ru,Bikers Spots,Hunter 350,1200,2023-05-28,2023-06-04,available,8400
331,rmckelveyeb@marketwatch.com,Bikers Lover,Activa,600,2023-05-28,2023-06-02,available,3000
332,merringtonfx@scribd.com,Bikers Hub,pulsar,800,2023-05-28,2023-05-30,available,1600
333,ecustyim@amazon.com,Bikers Point,DIO,500,2023-05-28,2023-05-29,available,500
334,ssuettoz@princeton.edu,Bikers Point,DIO,500,2023-05-27,2023-06-01,available,2500
335,zsheering8@reference.com,Bikers Lover,Activa,600,2023-05-26,2023-05-28,available,1200
336,mvearsm3@dailymail.co.uk,Bikers Hub,pulsar,800,2023-05-26,2023-05-28,available,1600
337,plevee96@hostgator.com,Bikers Hub,Royal enfeild bullet 350,1000,2023-05-25,2023-05-26,available,1000
338,dschubart9z@princeton.edu,Bikers Hub,pulsar,800,2023-05-22,2023-05-28,available,4800
339,befford2n@stumbleupon.com,iones two wheelers,DIO,500,2023-05-20,2023-05-21,available,500
340,tstrased5@nhs.uk,Bikers Hub,Royal enfeild bullet 350,1000,2023-05-18,2023-05-21,available,3000
341,mettles86@macromedia.com,Bikers Point,DIO,500,2023-05-16,2023-05-18,available,1000
342,aeunsonhc@upenn.edu,Bikers Hub,Royal enfeild bullet 350,1000,2023-05-16,2023-05-17,available,1000
343,nrawenr@amazon.co.jp,Bikers Lover,Activa,600,2023-05-16,2023-05-21,available,3000
344,anisotk3@si.edu,Bikers Hub,pulsar,800,2023-05-15,2023-05-17,available,1600
345,hmcaster4z@google.es,iones two wheelers,DIO,500,2023-05-14,2023-05-23,available,4500
346,sswitland8i@xrea.com,Bikers Point,DIO,500,2023-05-13,2023-05-16,available,1500
347,agarrowaykl@behance.net,Bikers Point,DIO,500,2023-05-13,2023-05-21,available,4000
348,rrathbourne2c@blogs.com,Bikers Point,DIO,500,2023-05-12,2023-05-19,available,3500
349,bwithams3a@ucoz.ru,Bikers Point,Himalayan 450,1500,2023-05-12,2023-05-13,available,1500
350,sdacostaer@mit.edu,Bikers Point,DIO,500,2023-05-12,2023-05-21,available,4500
351,mlebrunqk@dell.com,Bikers Hunt,DIO,500,2023-05-12,2023-05-13,available,500
352,tvel5h@taobao.com,Bikers Spots,Hunter 350,1200,2023-05-10,2023-05-12,available,2400
353,rpeterffyrn@google.nl,Bikers Hub,Royal enfeild bullet 350,1000,2023-05-10,2023-05-15,available,5000
354,ccoslittgd@ca.gov,Bikers Spots,pulsar,800,2023-05-09,2023-05-14,available,4000
355,ccrossery@bizjournals.com,Bikers Hub,Royal enfeild bullet 350,1000,2023-05-08,2023-05-10,available,2000
356,eheismanlf@uiuc.edu,Bikers Hub,Royal enfeild bullet 350,1000,2023-05-02,2023-05-08,available,6000
357,ltackle4y@csmonitor.com,Bikers Spots,Himalayan 450,1500,2023-05-01,2023-05-02,available,1500
358,rjansen8w@imdb.com,iones two wheelers,DIO,500,2023-04-28,2023-05-03,available,2500
359,hsatea2@timesonline.co.uk,Bikers Spots,Hunter 350,1200,2023-04-24,2023-04-28,available,4800
360,cjohnys76@harvard.edu,Bikers Hub,Royal enfeild bullet 350,1000,2023-04-23,2023-04-28,available,5000
361,heisold14@scribd.com,Bikers Point,Himalayan 450,1500,2023-04-16,2023-04-18,available,3000
362,bmaylinq6@chronoengine.com,Bikers Spots,pulsar,800,2023-04-16,2023-04-21,available,4000
363,bparamor9w@simplemachines.org,Bikers Point,Himalayan 450,1500,2023-04-14,2023-04-15,available,1500
364,dsomerscales85@hatena.ne.jp,Bikers Hub,pulsar,800,2023-04-12,2023-04-20,available,6400
365,tluckieby@prnewswire.com,Bikers Lover,Activa,600,2023-04-09,2023-04-16,available,4200
366,kborthwickio@behance.net,Bikers Spots,Hunter 350,1200,2023-04-08,2023-04-09,available,1200
367,gribeyri@infoseek.co.jp,iones two wheelers,DIO,500,2023-04-03,2023-04-09,available,3000
368,ccattermulljy@yahoo.com,Bikers Lover,Activa,600,2023-04-01,2023-04-04,available,1800
369,fbushenlc@myspace.com,Bikers Point,DIO,500,2023-04-01,2023-04-02,available,500
370,dolle36@rambler.ru,Bikers Point,DIO,500,2023-03-28,2023-04-03,available,3000
371,nicom4v@ucsd.edu,Bikers Point,DIO,500,2023-03-28,2023-04-02,available,2500
372,wglewea5@clickbank.net,Bikers Point,DIO,500,2023-03-28,2023-03-30,available,1000
373,smourantij@gov.uk,iones two wheelers,DIO,500,2023-03-26,2023-03-30,available,2000
374,bmccleary83@scientificamerican.com,iones two wheelers,DIO,500,2023-03-25,2023-03-26,available,500
375,plinacreg7@un.org,Bikers Point,DIO,500,2023-03-25,2023-03-27,available,1000
376,gglasspoolev@hugedomains.com,Bikers Hub,pulsar,800,2023-03-24,2023-03-30,available,4800
377,wioan2m@163.com,Bikers Hub,pulsar,800,2023-03-23,2023-03-28,available,4000
378,tosgodby7p@usnews.com,Bikers Hub,pulsar,800,2023-03-23,2023-03-26,available,2400
379,tbothwell9l@imdb.com,Bikers Lover,Activa,600,2023-03-23,2023-03-24,available,600
380,ddavorenfp@altervista.org,Bikers Point,DIO,500,2023-03-23,2023-03-24,available,500
381,kzapaterky@reddit.com,Bikers Hub,pulsar,800,2023-03-21,2023-03-23,available,1600
382,hassardmw@phoca.cz,iones two wheelers,DIO,500,2023-03-19,2023-03-22,available,1500
383,apischofpm@pbs.org,Bikers Hub,Royal enfeild bullet 350,1000,2023-03-17,2023-03-18,available,1000
384,bmaccartneyp5@zdnet.com,Bikers Hub,pulsar,800,2023-03-16,2023-03-21,available,4000
385,agadault4c@nature.com,Bikers Hub,pulsar,800,2023-03-14,2023-03-18,available,3200
386,vprimaroloee@dyndns.org,Bikers Hunt,DIO,500,2023-03-14,2023-03-18,available,2000
387,fginglelll@reference.com,Bikers Point,DIO,500,2023-03-13,2023-03-16,available,1500
388,hmccrostieog@ebay.com,Bikers Point,DIO,500,2023-03-11,2023-03-13,available,1000
389,nphillpshe@1und1.de,Bikers Hub,Royal enfeild bullet 350,1000,2023-03-09,2023-03-16,available,7000
390,bbowellnm@so-net.ne.jp,Bikers Spots,Hunter 350,1200,2023-03-07,2023-03-11,available,4800
391,cbroseloe@addtoany.com,Bikers Hub,Royal enfeild bullet 350,1000,2023-03-07,2023-03-11,available,4000
392,dllelwelne0@comcast.net,Bikers Spots,pulsar,800,2023-03-05,2023-03-13,available,6400
393,coldnallly@hatena.ne.jp,Bikers Spots,Continental GT 650,1800,2023-03-05,2023-03-10,available,9000
394,tsandelandoi@xing.com,iones two wheelers,DIO,500,2023-03-05,2023-03-06,available,500
395,lreadettbu@spotify.com,iones two wheelers,Royal enfeild interceptor,2000,2023-03-04,2023-03-07,available,6000
396,pkindleypf@google.cn,Bikers Point,Himalayan 450,1500,2023-03-01,2023-03-02,available,1500
397,aaleksidzeks@jigsy.com,Bikers Hub,pulsar,800,2023-02-28,2023-03-03,available,2400
398,asaipy1h@devhub.com,Bikers Spots,Hunter 350,1200,2023-02-27,2023-03-04,available,6000
399,sewanit@usda.gov,Bikers Lover,Activa,600,2023-02-26,2023-03-02,available,2400
400,gainsleeml@purevolume.com,Bikers Hunt,DIO,500,2023-02-26,2023-02-28,available,1000
401,dgiordano7w@ucsd.edu,Bikers Lover,Activa,600,2023-02-25,2023-03-01,available,2400
402,hsearstonae@smh.com.au,Bikers Point,DIO,500,2023-02-24,2023-02-27,available,1500
403,tmaccauleyhj@soundcloud.com,iones two wheelers,DIO,500,2023-02-23,2023-02-24,available,500
404,ldecastrii9@meetup.com,Bikers Hunt,DIO,500,2023-02-22,2023-02-28,available,3000
405,morringe8y@digg.com,Bikers Spots,Continental GT 650,1800,2023-02-21,2023-02-27,available,10800
406,bohogertiels@wikia.com,Bikers Spots,Hunter 350,1200,2023-02-20,2023-03-02,available,12000
407,afuncheon1i@dion.ne.jp,Bikers Lover,Activa,600,2023-02-19,2023-02-23,available,2400
408,kbenardette97@webs.com,Bikers Hunt,DIO,500,2023-02-19,2023-02-21,available,1000
409,cgergelydo@nsw.gov.au,iones two wheelers,DIO,500,2023-02-19,2023-02-21,available,1000
410,cpetranekoc@wufoo.com,Bikers Spots,Hunter 350,1200,2023-02-19,2023-02-22,available,3600
411,mmallyaeg@a8.net,Bikers Point,DIO,500,2023-02-18,2023-02-20,available,1000
412,aarmsdenpb@webnode.com,Bikers Spots,Himalayan 450,1500,2023-02-18,2023-02-20,available,3000
413,cbotwright80@uiuc.edu,Bikers Spots,Hunter 350,1200,2023-02-17,2023-02-19,available,2400
414,bdasentcb@wordpress.org,Bikers Lover,Activa,600,2023-02-17,2023-02-19,available,1200
415,shalsall8j@virginia.edu,Bikers Point,DIO,500,2023-02-12,2023-02-16,available,2000
416,awinwardr7@i2i.jp,Bikers Hub,Royal enfeild bullet 350,1000,2023-02-12,2023-02-15,available,3000
417,daysik88@edublogs.org,Bikers Lover,Activa,600,2023-02-11,2023-02-16,available,3000
418,lbalmcd@google.de,Bikers Hub,pulsar,800,2023-02-10,2023-02-11,available,800
419,mbracknallnk@jigsy.com,Bikers Spots,Hunter 350,1200,2023-02-10,2023-02-12,available,2400
420,uandrasov@pbs.org,Bikers Hub,Royal enfeild bullet 350,1000,2023-02-10,2023-02-13,available,3000
421,nboakesr0@freewebs.com,Bikers Hunt,DIO,500,2023-02-09,2023-02-15,available,3000
422,ifeliphy@shop-pro.jp,Bikers Hub,Royal enfeild bullet 350,1000,2023-02-07,2023-02-12,available,5000
423,sclemoeslt@bloglines.com,Bikers Spots,Hunter 350,1200,2023-02-07,2023-02-12,available,6000
424,hschankelborgf5@livejournal.com,iones two wheelers,Royal enfeild interceptor,2000,2023-02-06,2023-02-07,available,2000
425,aattwoolld7@dailymotion.com,iones two wheelers,DIO,500,2023-02-05,2023-02-11,available,3000
426,jcrosson1e@devhub.com,Bikers Point,DIO,500,2023-02-01,2023-02-05,available,2000
427,cbuxsycx@dailymail.co.uk,Bikers Point,DIO,500,2023-02-01,2023-02-02,available,500
428,jbaffkd@elpais.com,Bikers Lover,Activa,600,2023-02-01,2023-02-04,available,1800
429,ghallgateei@oracle.com,iones two wheelers,DIO,500,2023-01-28,2023-02-02,available,2500
430,efoundscq@tripadvisor.com,Bikers Lover,Activa,600,2023-01-26,2023-01-27,available,600
431,kmckimmieqr@storify.com,Bikers Hub,Royal enfeild bullet 350,1000,2023-01-26,2023-01-28,available,2000
432,kkeelanrq@smh.com.au,Bikers Hunt,pulsar,800,2023-01-26,2023-01-29,available,2400
433,cjamsono@nbcnews.com,Bikers Spots,pulsar,800,2023-01-25,2023-02-04,available,8000
434,mraitie39@a8.net,Bikers Hunt,DIO,500,2023-01-25,2023-01-28,available,1500
435,fleatherborrow8x@ezinearticles.com,Bikers Hub,Royal enfeild bullet 350,1000,2023-01-25,2023-01-28,available,3000
436,hrenforthal@cam.ac.uk,Bikers Hunt,pulsar,800,2023-01-25,2023-01-26,available,800
437,hroffebp@earthlink.net,Bikers Hub,Royal enfeild bullet 350,1000,2023-01-25,2023-01-28,available,3000
438,nokelleherjn@discuz.net,Bikers Hub,pulsar,800,2023-01-25,2023-01-28,available,2400
439,etroup4m@twitpic.com,Bikers Point,DIO,500,2023-01-24,2023-01-29,available,2500
440,jeisak52@ibm.com,iones two wheelers,DIO,500,2023-01-24,2023-01-27,available,1500
441,glaunchburyha@bizjournals.com,Bikers Spots,pulsar,800,2023-01-24,2023-01-30,available,4800
442,rsussexhx@squidoo.com,Bikers Lover,Activa,600,2023-01-24,2023-01-25,available,600
443,lfawloen0@webeden.co.uk,Bikers Point,DIO,500,2023-01-24,2023-01-30,available,3000
444,sscarman2t@paginegialle.it,Bikers Point,Himalayan 450,1500,2023-01-23,2023-01-28,available,7500
445,cbarettecl@privacy.gov.au,Bikers Point,DIO,500,2023-01-23,2023-01-25,available,1000
446,ageggusff@japanpost.jp,Bikers Hub,Royal enfeild bullet 350,1000,2023-01-23,2023-01-25,available,2000
447,amayoralpc@mail.ru,Bikers Lover,Activa,600,2023-01-23,2023-01-28,available,3000
448,gpadkins@ed.gov,Bikers Spots,Continental GT 650,1800,2023-01-22,2023-01-25,available,5400
449,ewyper19@fc2.com,Bikers Lover,Activa,600,2023-01-22,2023-01-25,available,1800
450,sgillice1b@nytimes.com,Bikers Hub,pulsar,800,2023-01-22,2023-01-23,available,800
451,rdaguannoqx@wired.com,Bikers Spots,Hunter 350,1200,2023-01-22,2023-02-01,available,12000
452,jfrederick1u@prnewswire.com,Bikers Lover,Activa,600,2023-01-21,2023-01-24,available,1800
453,aclifft7d@woothemes.com,Bikers Hunt,DIO,500,2023-01-21,2023-01-23,available,1000
454,eburrisnp@sitemeter.com,Bikers Lover,Activa,600,2023-01-21,2023-01-27,available,3600
455,cscotchmoorcc@trellian.com,Bikers Hunt,Royal enfeild interceptor,2000,2023-01-20,2023-01-28,available,16000
456,mlarkkemqf@chron.com,Bikers Lover,Activa,600,2023-01-20,2023-01-23,available,1800
457,lfoxten2@umn.edu,Bikers Spots,Hunter 350,1200,2023-01-19,2023-01-24,available,6000
458,eofinan77@oracle.com,Bikers Hub,pulsar,800,2023-01-19,2023-01-23,available,3200
459,aravenhillsez@sitemeter.com,Bikers Hub,pulsar,800,2023-01-19,2023-01-20,available,800
460,eebbinshh@gizmodo.com,Bikers Spots,Hunter 350,1200,2023-01-19,2023-01-24,available,6000
461,celdonlo@about.com,Bikers Spots,Continental GT 650,1800,2023-01-19,2023-01-25,available,10800
462,llendonrr@ca.gov,Bikers Hub,Royal enfeild bullet 350,1000,2023-01-18,2023-01-22,available,4000
463,ediperaus5q@irs.gov,Bikers Hunt,pulsar,800,2023-01-17,2023-01-20,available,2400
464,dodgaard9t@topsy.com,iones two wheelers,Royal enfeild interceptor,2000,2023-01-17,2023-01-24,available,14000
465,rspelsburyh3@instagram.com,Bikers Hub,Royal enfeild bullet 350,1000,2023-01-17,2023-01-22,available,5000
466,cbusheli3@infoseek.co.jp,Bikers Spots,Hunter 350,1200,2023-01-17,2023-01-22,available,6000
467,sscollik2@instagram.com,Bikers Spots,pulsar,800,2023-01-17,2023-01-18,available,800
468,caronovn2@wisc.edu,Bikers Hunt,DIO,500,2023-01-17,2023-01-18,available,500
469,mcalleyro@indiegogo.com,Bikers Hunt,DIO,500,2023-01-17,2023-01-23,available,3000
470,crosenau5c@ihg.com,Bikers Spots,pulsar,800,2023-01-16,2023-01-21,available,4000
471,mkinetonck@amazon.com,Bikers Point,DIO,500,2023-01-16,2023-01-19,available,1500
472,lgilliatgq@apple.com,Bikers Hub,pulsar,800,2023-01-16,2023-01-21,available,4000
473,rduffilj2@myspace.com,Bikers Hub,Royal enfeild bullet 350,1000,2023-01-16,2023-01-25,available,9000
474,oturfitt17@plala.or.jp,Bikers Point,DIO,500,2023-01-15,2023-01-16,available,500
475,rvurley2b@merriam-webster.com,Bikers Point,DIO,500,2023-01-15,2023-01-19,available,2000
476,gdering2u@google.com.br,Bikers Spots,Hunter 350,1200,2023-01-15,2023-01-20,available,6000
477,eruffli0@slashdot.org,Bikers Point,Himalayan 450,1500,2023-01-14,2023-01-18,available,6000
478,cgorden7n@dailymotion.com,Bikers Hub,pulsar,800,2023-01-14,2023-01-24,available,8000
479,alearmonthdx@google.co.uk,Bikers Point,Himalayan 450,1500,2023-01-14,2023-01-17,available,4500
480,rfidler9y@cdbaby.com,Bikers Point,DIO,500,2023-01-13,2023-01-14,available,500
481,ftavernorap@mediafire.com,Bikers Spots,Hunter 350,1200,2023-01-13,2023-01-14,available,1200
482,dalvaradogt@addthis.com,Bikers Hub,pulsar,800,2023-01-13,2023-01-18,available,4000
483,zschwandmf@live.com,Bikers Hub,pulsar,800,2023-01-12,2023-01-13,available,800
484,kgarnsworthypd@google.de,Bikers Point,DIO,500,2023-01-12,2023-01-14,available,1000
485,cwittmanid@furl.net,Bikers Hub,pulsar,800,2023-01-11,2023-01-15,available,3200
486,aseilerny@jiathis.com,Bikers Hub,pulsar,800,2023-01-11,2023-01-13,available,1600
487,jfrancaqb@desdev.cn,iones two wheelers,DIO,500,2023-01-11,2023-01-16,available,2500
488,cgalliver29@va.gov,iones two wheelers,DIO,500,2023-01-10,2023-01-17,available,3500
489,kmanntschke5m@technorati.com,Bikers Hub,pulsar,800,2023-01-09,2023-01-11,available,1600
490,jmacmenaminqw@bluehost.com,Bikers Point,DIO,500,2023-01-09,2023-01-10,available,500
491,mmccrawr3@people.com.cn,Bikers Hunt,DIO,500,2023-01-09,2023-01-11,available,1000
492,bfloribh@ning.com,Bikers Hub,pulsar,800,2023-01-08,2023-01-12,available,3200
493,rmateje3@netvibes.com,Bikers Hub,pulsar,800,2023-01-08,2023-01-12,available,3200
494,harnollli@creativecommons.org,Bikers Lover,Activa,600,2023-01-08,2023-01-09,available,600
495,eskeathfg@a8.net,Bikers Hub,pulsar,800,2023-01-07,2023-01-11,available,3200
496,rskippenrp@oracle.com,Bikers Point,Himalayan 450,1500,2023-01-07,2023-01-15,available,12000
497,gbartelota@census.gov,Bikers Hunt,pulsar,800,2023-01-06,2023-01-10,available,3200
498,tmacswaydeca@merriam-webster.com,iones two wheelers,DIO,500,2023-01-06,2023-01-12,available,3000
499,lcoleirod4@google.nl,Bikers Hub,pulsar,800,2023-01-06,2023-01-08,available,1600
500,gkupec30@ox.ac.uk,Bikers Hub,pulsar,800,2023-01-05,2023-01-07,available,1600
501,bgunnell6i@guardian.co.uk,Bikers Hub,Royal enfeild bullet 350,1000,2023-01-05,2023-01-06,available,1000
502,tdallenderjf@google.co.jp,Bikers Hub,pulsar,800,2023-01-05,2023-01-08,available,2400
503,esteinhammeri@altervista.org,Bikers Point,Himalayan 450,1500,2023-01-04,2023-01-07,available,4500
504,rbaudoux1v@nhs.uk,iones two wheelers,DIO,500,2023-01-04,2023-01-10,available,3000
505,isharrem5s@cargocollective.com,Bikers Hunt,pulsar,800,2023-01-04,2023-01-10,available,4800
506,ffraniak7m@ameblo.jp,Bikers Hub,Royal enfeild bullet 350,1000,2023-01-04,2023-01-09,available,5000
507,mblakewayep@hp.com,Bikers Point,DIO,500,2023-01-04,2023-01-06,available,1000
508,mkivits5x@wisc.edu,Bikers Spots,pulsar,800,2023-01-03,2023-01-07,available,3200
509,wtofanellip0@mit.edu,Bikers Lover,Activa,600,2023-01-02,2023-01-06,available,2400
510,alenihan23@cmu.edu,Bikers Hub,Royal enfeild bullet 350,1000,2023-01-01,2023-01-05,available,4000
511,golkowicz9g@microsoft.com,iones two wheelers,DIO,500,2023-01-01,2023-01-02,available,500
512,amoger9n@reference.com,Bikers Spots,pulsar,800,2022-12-28,2022-12-30,available,1600
513,qfostenl3@nature.com,Bikers Spots,Hunter 350,1200,2022-12-28,2023-01-02,available,6000
514,wmaccookcn@google.co.jp,Bikers Spots,pulsar,800,2022-12-27,2022-12-29,available,1600
515,tseagom8@shutterfly.com,Bikers Hunt,DIO,500,2022-12-27,2023-01-02,available,3000
516,gvailpu@google.co.uk,Bikers Hub,pulsar,800,2022-12-27,2023-01-02,available,4800
517,nbrunrothre@census.gov,Bikers Hub,pulsar,800,2022-12-27,2023-01-03,available,5600
518,bcanepe9o@squarespace.com,Bikers Point,Himalayan 450,1500,2022-12-26,2022-12-31,available,7500
519,nduckermy@ow.ly,Bikers Point,DIO,500,2022-12-26,2022-12-30,available,2000
520,boxby2o@china.com.cn,Bikers Point,DIO,500,2022-12-25,2023-01-03,available,4500
521,bexcell3w@noaa.gov,Bikers Lover,Activa,600,2022-12-25,2022-12-31,available,3600
522,dcarvell7b@answers.com,Bikers Point,DIO,500,2022-12-25,2022-12-26,available,500
523,sbourgaize9a@sciencedirect.com,iones two wheelers,DIO,500,2022-12-25,2022-12-26,available,500
524,mbrinsford9i@mit.edu,Bikers Point,DIO,500,2022-12-25,2022-12-27,available,1000
525,bgrishanovf7@indiegogo.com,Bikers Lover,Activa,600,2022-12-25,2023-01-01,available,4200
526,mbrownn4@alexa.com,Bikers Spots,Hunter 350,1200,2022-12-25,2022-12-27,available,2400
527,ispyvyeqn@chron.com,Bikers Hub,Royal enfeild bullet 350,1000,2022-12-25,2022-12-29,available,4000
528,gbudgett78@state.tx.us,Bikers Point,Himalayan 450,1500,2022-12-24,2022-12-25,available,1500
529,fflawn7r@sakura.ne.jp,Bikers Point,DIO,500,2022-12-24,2023-01-03,available,5000
530,tcastilljodi@bbb.org,Bikers Spots,Himalayan 450,1500,2022-12-24,2022-12-25,available,1500
531,slapsliep6@bluehost.com,Bikers Spots,Continental GT 650,1800,2022-12-24,2022-12-25,available,1800
532,apeekaa@yellowbook.com,Bikers Hub,Royal enfeild bullet 350,1000,2022-12-23,2022-12-27,available,4000
533,lgatheridgeh8@accuweather.com,Bikers Hunt,DIO,500,2022-12-23,2022-12-25,available,1000
534,rdrissellqg@jimdo.com,Bikers Hunt,DIO,500,2022-12-23,2022-12-30,available,3500
535,cmarvinex@miitbeian.gov.cn,Bikers Point,DIO,500,2022-12-20,2022-12-23,available,1500
536,beva1x@washingtonpost.com,Bikers Spots,pulsar,800,2022-12-19,2022-12-20,available,800
537,alucock3u@taobao.com,Bikers Point,DIO,500,2022-12-18,2022-12-21,available,1500
538,kallbrook8d@toplist.cz,Bikers Hunt,pulsar,800,2022-12-17,2022-12-19,available,1600
539,jcauldwellp9@sogou.com,Bikers Lover,Activa,600,2022-12-17,2022-12-18,available,600
540,gcadagan65@bravesites.com,Bikers Hub,Royal enfeild bullet 350,1000,2022-12-16,2022-12-21,available,5000
541,dhandfordbv@google.co.uk,Bikers Point,Himalayan 450,1500,2022-12-16,2022-12-17,available,1500
542,abencherfs@unicef.org,Bikers Hub,Royal enfeild bullet 350,1000,2022-12-16,2022-12-22,available,6000
543,cblackfz@cyberchimps.com,Bikers Hub,Royal enfeild bullet 350,1000,2022-12-16,2022-12-25,available,9000
544,jclapisongs@4shared.com,Bikers Hub,Royal enfeild bullet 350,1000,2022-12-16,2022-12-17,available,1000
545,apoyserme@slate.com,Bikers Hub,pulsar,800,2022-12-16,2022-12-19,available,2400
546,drobertotod@scientificamerican.com,Bikers Spots,pulsar,800,2022-12-16,2022-12-18,available,1600
547,msivessci@amazon.co.jp,Bikers Point,DIO,500,2022-12-15,2022-12-19,available,2000
548,amacteggartk1@chron.com,Bikers Hub,pulsar,800,2022-12-15,2022-12-16,available,800
549,sgallardoo4@psu.edu,Bikers Point,Himalayan 450,1500,2022-12-15,2022-12-17,available,3000
550,mbartolozzi1w@alibaba.com,Bikers Spots,Hunter 350,1200,2022-12-14,2022-12-17,available,3600
551,plindellge@dedecms.com,Bikers Lover,Activa,600,2022-12-14,2022-12-16,available,1200
552,clink9c@msu.edu,iones two wheelers,Royal enfeild interceptor,2000,2022-12-13,2022-12-15,available,4000
553,vnairneat@ehow.com,Bikers Point,DIO,500,2022-12-13,2022-12-16,available,1500
554,smaroneyb8@wp.com,Bikers Hub,pulsar,800,2022-12-13,2022-12-15,available,1600
555,ljenkersond1@npr.org,Bikers Hub,Royal enfeild bullet 350,1000,2022-12-13,2022-12-14,available,1000
556,apennycordo9@biblegateway.com,Bikers Hub,pulsar,800,2022-12-13,2022-12-17,available,3200
557,ssmitton63@skyrock.com,Bikers Hunt,Royal enfeild interceptor,2000,2022-12-12,2022-12-18,available,12000
558,tottiwilli4@soup.io,Bikers Hunt,DIO,500,2022-12-12,2022-12-13,available,500
559,roagmz@mac.com,Bikers Spots,pulsar,800,2022-12-12,2022-12-15,available,2400
560,jhelix2d@netlog.com,Bikers Point,DIO,500,2022-12-10,2022-12-11,available,500
561,tkantore2@time.com,Bikers Spots,Continental GT 650,1800,2022-12-10,2022-12-16,available,10800
562,rwightmane7@sakura.ne.jp,Bikers Hub,pulsar,800,2022-12-10,2022-12-17,available,5600
563,akirkam7@wix.com,Bikers Hub,Royal enfeild bullet 350,1000,2022-12-09,2022-12-15,available,6000
564,jhuonic3s@de.vu,Bikers Spots,Hunter 350,1200,2022-12-09,2022-12-11,available,2400
565,jstaite43@state.tx.us,Bikers Spots,pulsar,800,2022-12-09,2022-12-11,available,1600
566,rcosslett4w@sakura.ne.jp,Bikers Lover,Activa,600,2022-12-09,2022-12-10,available,600
567,ujacquet6h@home.pl,Bikers Point,DIO,500,2022-12-07,2022-12-08,available,500
568,mbroseman9v@census.gov,Bikers Spots,pulsar,800,2022-12-07,2022-12-10,available,2400
569,fmarkhamdv@princeton.edu,Bikers Point,DIO,500,2022-12-07,2022-12-10,available,1500
570,sgalifordng@geocities.jp,Bikers Hunt,DIO,500,2022-12-07,2022-12-08,available,500
571,dgarrardp@yahoo.co.jp,Bikers Spots,Himalayan 450,1500,2022-12-06,2022-12-11,available,7500
572,zdunnaway66@infoseek.co.jp,Bikers Hub,pulsar,800,2022-12-05,2022-12-06,available,800
573,amee92@wufoo.com,Bikers Hub,pulsar,800,2022-12-05,2022-12-09,available,3200
574,rboskellmx@patch.com,Bikers Hub,Royal enfeild bullet 350,1000,2022-12-05,2022-12-09,available,4000
575,mjiras10@si.edu,Bikers Spots,Hunter 350,1200,2022-12-04,2022-12-07,available,3600
576,kdrewet31@opensource.org,Bikers Lover,Activa,600,2022-12-04,2022-12-05,available,600
577,lnormadell6a@51.la,Bikers Hunt,pulsar,800,2022-12-04,2022-12-07,available,2400
578,hwardale7v@unc.edu,Bikers Hunt,Royal enfeild interceptor,2000,2022-12-04,2022-12-09,available,10000
579,lsydesni@spiegel.de,Bikers Hub,Royal enfeild bullet 350,1000,2022-12-04,2022-12-06,available,2000
580,ddionsettont@fc2.com,Bikers Spots,pulsar,800,2022-12-04,2022-12-08,available,3200
581,aeltunejp@example.com,Bikers Spots,pulsar,800,2022-12-03,2022-12-07,available,3200
582,bbeasantqi@blinklist.com,Bikers Spots,Hunter 350,1200,2022-12-03,2022-12-13,available,12000
583,jwilliscroftbb@bandcamp.com,Bikers Hunt,DIO,500,2022-12-02,2022-12-11,available,4500
584,gcurstonqz@reddit.com,Bikers Hub,pulsar,800,2022-12-02,2022-12-04,available,1600
585,lwagenenah@liveinternet.ru,Bikers Hunt,DIO,500,2022-12-01,2022-12-07,available,3000
586,ddautrydz@bravesites.com,Bikers Hub,pulsar,800,2022-12-01,2022-12-02,available,800
587,kgandleyln@google.com.hk,Bikers Lover,Activa,600,2022-12-01,2022-12-03,available,1200
588,teykelhofmb@auda.org.au,Bikers Hub,Royal enfeild bullet 350,1000,2022-11-28,2022-12-01,available,3000
589,ppicker8l@barnesandnoble.com,iones two wheelers,DIO,500,2022-11-26,2022-12-02,available,3000
590,grenen7@godaddy.com,Bikers Spots,Hunter 350,1200,2022-11-25,2022-11-27,available,2400
591,cgorstidgenv@usgs.gov,Bikers Hunt,pulsar,800,2022-11-25,2022-11-26,available,800
592,fsmidmore8z@diigo.com,Bikers Spots,pulsar,800,2022-11-22,2022-11-29,available,5600
593,dhazeldened3@shareasale.com,Bikers Hunt,pulsar,800,2022-11-22,2022-11-23,available,800
594,rhampsonj@biblegateway.com,Bikers Point,DIO,500,2022-11-21,2022-11-25,available,2000
595,fdellascalaaw@reference.com,iones two wheelers,DIO,500,2022-11-18,2022-11-21,available,1500
596,sivashingo@china.com.cn,Bikers Hunt,DIO,500,2022-11-15,2022-11-18,available,1500
597,llloppq@reuters.com,Bikers Spots,Hunter 350,1200,2022-11-13,2022-11-15,available,2400
598,ogoater7o@fema.gov,Bikers Spots,Hunter 350,1200,2022-11-11,2022-11-13,available,2400
599,dkinsona0@facebook.com,iones two wheelers,DIO,500,2022-11-11,2022-11-13,available,1000
600,gsturmqd@shareasale.com,Bikers Point,DIO,500,2022-11-09,2022-11-10,available,500
601,ibrettonpo@slate.com,Bikers Spots,Hunter 350,1200,2022-11-08,2022-11-12,available,4800
602,kjorger8r@mapy.cz,Bikers Spots,Hunter 350,1200,2022-11-07,2022-11-09,available,2400
603,jtardiff1j@digg.com,Bikers Spots,pulsar,800,2022-11-06,2022-11-08,available,1600
604,mbrouardfo@cbsnews.com,Bikers Lover,Royal enfeild interceptor,2000,2022-11-05,2022-11-08,available,6000
605,rvolontec6@cyberchimps.com,Bikers Spots,pulsar,800,2022-11-03,2022-11-04,available,800
606,rvynehall1n@mail.ru,Bikers Hub,Royal enfeild bullet 350,1000,2022-10-28,2022-11-02,available,5000
607,ofazanb9@eepurl.com,Bikers Hub,pulsar,800,2022-10-28,2022-11-01,available,3200
608,pbenet6f@yahoo.com,Bikers Spots,Hunter 350,1200,2022-10-26,2022-10-31,available,6000
609,wabaroughl5@yellowbook.com,Bikers Hub,pulsar,800,2022-10-26,2022-10-30,available,3200
610,agreenhead4e@prlog.org,Bikers Hub,Royal enfeild bullet 350,1000,2022-10-25,2022-10-26,available,1000
611,rarchelljz@cornell.edu,Bikers Hunt,Royal enfeild interceptor,2000,2022-10-23,2022-10-24,available,2000
612,lblunderfieldqe@ftc.gov,Bikers Point,DIO,500,2022-10-23,2022-10-29,available,3000
613,coultramip@about.com,Bikers Hub,Royal enfeild bullet 350,1000,2022-10-22,2022-10-25,available,3000
614,nbrinkworth37@skype.com,Bikers Spots,Continental GT 650,1800,2022-10-18,2022-10-23,available,9000
615,scomolb@cnn.com,Bikers Hunt,pulsar,800,2022-10-17,2022-10-19,available,1600
616,fcarrellq0@forbes.com,Bikers Hunt,DIO,500,2022-10-17,2022-10-18,available,500
617,elipp55@gravatar.com,Bikers Point,Himalayan 450,1500,2022-10-16,2022-10-20,available,6000
618,mbridlep7@imgur.com,Bikers Point,DIO,500,2022-10-16,2022-10-18,available,1000
619,twoodcraftkz@gov.uk,Bikers Point,DIO,500,2022-10-15,2022-10-18,available,1500
620,ycomettig4@si.edu,Bikers Hunt,Royal enfeild interceptor,2000,2022-10-12,2022-10-16,available,8000
621,bbarabichi8@meetup.com,Bikers Spots,Continental GT 650,1800,2022-10-11,2022-10-14,available,5400
622,bdefilippook@yandex.ru,Bikers Point,Himalayan 450,1500,2022-10-11,2022-10-12,available,1500
623,kbarnetqp@nps.gov,Bikers Hub,pulsar,800,2022-10-11,2022-10-14,available,2400
624,wcicchinellif4@google.ru,iones two wheelers,DIO,500,2022-10-10,2022-10-12,available,1000
625,mmaundns@weather.com,Bikers Point,DIO,500,2022-10-10,2022-10-12,available,1000
626,livankov6r@yolasite.com,Bikers Hub,pulsar,800,2022-10-09,2022-10-15,available,4800
627,rdutchm4@quantcast.com,Bikers Hub,Royal enfeild bullet 350,1000,2022-10-09,2022-10-15,available,6000
628,bmacgillm0@friendfeed.com,Bikers Hub,Royal enfeild bullet 350,1000,2022-10-08,2022-10-09,available,1000
629,fbardilldk@wp.com,Bikers Spots,Hunter 350,1200,2022-10-07,2022-10-16,available,10800
630,hweinhamc2@constantcontact.com,Bikers Spots,Hunter 350,1200,2022-10-06,2022-10-07,available,1200
631,bsymcoxelh@guardian.co.uk,Bikers Spots,pulsar,800,2022-10-06,2022-10-11,available,4000
632,hscasema@lycos.com,Bikers Spots,pulsar,800,2022-10-06,2022-10-11,available,4000
633,ctipling67@desdev.cn,Bikers Point,DIO,500,2022-10-05,2022-10-10,available,2500
634,jadamczewskig6@unicef.org,Bikers Spots,Hunter 350,1200,2022-10-03,2022-10-06,available,3600
635,phansfordie@wsj.com,Bikers Spots,Hunter 350,1200,2022-10-03,2022-10-07,available,4800
636,geacottr2@illinois.edu,Bikers Point,DIO,500,2022-10-03,2022-10-12,available,4500
637,lhuggillew@reuters.com,Bikers Spots,pulsar,800,2022-10-01,2022-10-03,available,1600
638,hgimeno8b@quantcast.com,Bikers Hub,pulsar,800,2022-09-28,2022-09-30,available,1600
639,spaolettild@sfgate.com,Bikers Spots,Hunter 350,1200,2022-09-28,2022-09-29,available,1200
640,kphiller53@spiegel.de,Bikers Hub,pulsar,800,2022-09-27,2022-10-02,available,4000
641,iheibel8t@sun.com,Bikers Hub,Royal enfeild bullet 350,1000,2022-09-27,2022-10-02,available,5000
642,ldecourtney9u@mlb.com,Bikers Hub,Royal enfeild bullet 350,1000,2022-09-27,2022-10-03,available,6000
643,vnorthagekq@1688.com,Bikers Point,DIO,500,2022-09-27,2022-10-07,available,5000
644,cmackaileoq@usda.gov,Bikers Point,DIO,500,2022-09-27,2022-09-28,available,500
645,atestom6@europa.eu,Bikers Point,DIO,500,2022-09-25,2022-09-26,available,500
646,mglynds@cocolog-nifty.com,Bikers Spots,pulsar,800,2022-09-24,2022-09-26,available,1600
647,hmcgillreich6t@digg.com,Bikers Point,DIO,500,2022-09-23,2022-09-29,available,3000
648,lfrancaisb3@indiegogo.com,Bikers Point,DIO,500,2022-09-22,2022-09-27,available,2500
649,fdalescoko@over-blog.com,Bikers Hunt,DIO,500,2022-09-22,2022-09-24,available,1000
650,strussell33@homestead.com,Bikers Point,Himalayan 450,1500,2022-09-21,2022-09-22,available,1500
651,tmoule64@upenn.edu,Bikers Hub,pulsar,800,2022-09-21,2022-09-22,available,800
652,ltownsend7c@skype.com,Bikers Lover,Activa,600,2022-09-21,2022-09-27,available,3600
653,tboulterd@indiegogo.com,iones two wheelers,DIO,500,2022-09-20,2022-09-22,available,1000
654,cpennick6w@businesswire.com,Bikers Point,Himalayan 450,1500,2022-09-19,2022-09-24,available,7500
655,tblackbournb5@blogtalkradio.com,iones two wheelers,DIO,500,2022-09-19,2022-09-28,available,4500
656,arennickno@trellian.com,Bikers Spots,pulsar,800,2022-09-19,2022-09-23,available,3200
657,lburgiss5o@paginegialle.it,Bikers Hub,Royal enfeild bullet 350,1000,2022-09-18,2022-09-21,available,3000
658,mrisingjd@dell.com,iones two wheelers,Royal enfeild interceptor,2000,2022-09-18,2022-09-23,available,10000
659,apeplawlp@mozilla.com,Bikers Hunt,pulsar,800,2022-09-18,2022-09-20,available,1600
660,lmacenzylr@webeden.co.uk,Bikers Hub,pulsar,800,2022-09-18,2022-09-23,available,4000
661,rcapoun1s@virginia.edu,Bikers Spots,Hunter 350,1200,2022-09-17,2022-09-19,available,2400
662,gpurcell8v@multiply.com,Bikers Lover,Activa,600,2022-09-17,2022-09-20,available,1800
663,gshellardjq@washingtonpost.com,Bikers Lover,Activa,600,2022-09-17,2022-09-20,available,1800
664,makisterk4@globo.com,Bikers Hunt,DIO,500,2022-09-17,2022-09-21,available,2000
665,idowardnj@ovh.net,Bikers Point,Himalayan 450,1500,2022-09-17,2022-09-18,available,1500
666,kknill8h@mapquest.com,Bikers Spots,Hunter 350,1200,2022-09-16,2022-09-19,available,3600
667,jburnitt6j@hibu.com,Bikers Hunt,pulsar,800,2022-09-15,2022-09-16,available,800
668,bgirardinigj@clickbank.net,Bikers Point,DIO,500,2022-09-14,2022-09-16,available,1000
669,eclementioj@sakura.ne.jp,Bikers Point,DIO,500,2022-09-14,2022-09-18,available,2000
670,alahertymc@homestead.com,Bikers Point,DIO,500,2022-09-13,2022-09-15,available,1000
671,gfryerms@ow.ly,Bikers Point,Himalayan 450,1500,2022-09-13,2022-09-19,available,9000
672,charpz@seesaa.net,Bikers Lover,Royal enfeild interceptor,2000,2022-09-12,2022-09-13,available,2000
673,dmollittfl@list-manage.com,Bikers Lover,Activa,600,2022-09-12,2022-09-13,available,600
674,kciccarellomj@4shared.com,Bikers Hunt,DIO,500,2022-09-11,2022-09-13,available,1000
675,eantonyh4@wufoo.com,iones two wheelers,DIO,500,2022-09-10,2022-09-12,available,1000
676,arigneykv@harvard.edu,Bikers Point,DIO,500,2022-09-10,2022-09-16,available,3000
677,kmatthewson32@purevolume.com,Bikers Point,DIO,500,2022-09-09,2022-09-19,available,5000
678,gslora4g@mail.ru,Bikers Point,DIO,500,2022-09-09,2022-09-16,available,3500
679,alindoph1@bigcartel.com,Bikers Hub,pulsar,800,2022-09-09,2022-09-10,available,800
680,rvasiltsov7f@tumblr.com,Bikers Lover,Activa,600,2022-09-08,2022-09-13,available,3000
681,gelven84@irs.gov,Bikers Lover,Activa,600,2022-09-08,2022-09-09,available,600
682,rbuesdenkx@opera.com,Bikers Lover,Activa,600,2022-09-08,2022-09-10,available,1200
683,gwichardrc@hao123.com,Bikers Point,DIO,500,2022-09-08,2022-09-11,available,1500
684,ggaynesfordix@home.pl,Bikers Lover,Activa,600,2022-09-07,2022-09-08,available,600
685,mhacketr8@cnbc.com,Bikers Spots,pulsar,800,2022-09-07,2022-09-14,available,5600
686,cdebernardiw@elpais.com,Bikers Hunt,DIO,500,2022-09-06,2022-09-07,available,500
687,egillie26@nature.com,Bikers Hunt,DIO,500,2022-09-06,2022-09-11,available,2500
688,wmardallm2@gmpg.org,Bikers Point,DIO,500,2022-09-06,2022-09-11,available,2500
689,jlinnocko7@diigo.com,Bikers Hub,pulsar,800,2022-09-06,2022-09-07,available,800
690,wspowage5@theguardian.com,Bikers Point,Himalayan 450,1500,2022-09-05,2022-09-11,available,9000
691,gpenrice3m@spotify.com,iones two wheelers,DIO,500,2022-09-05,2022-09-07,available,1000
692,domondcf@slashdot.org,Bikers Hunt,DIO,500,2022-09-05,2022-09-11,available,3000
693,mabbotsonqo@netvibes.com,Bikers Spots,pulsar,800,2022-09-05,2022-09-06,available,800
694,ckonneke1r@scientificamerican.com,Bikers Hub,pulsar,800,2022-09-04,2022-09-08,available,3200
695,ilandall58@fotki.com,Bikers Spots,Hunter 350,1200,2022-09-04,2022-09-06,available,2400
696,aelleray8u@skyrock.com,Bikers Point,DIO,500,2022-09-04,2022-09-11,available,3500
697,bknibbsan@a8.net,iones two wheelers,DIO,500,2022-09-04,2022-09-08,available,2000
698,rlautieay@yahoo.com,Bikers Lover,Activa,600,2022-09-04,2022-09-13,available,5400
699,ahousecraft4a@mashable.com,iones two wheelers,Royal enfeild interceptor,2000,2022-09-03,2022-09-04,available,2000
700,wsparrowhawk4i@wikispaces.com,Bikers Hub,pulsar,800,2022-09-03,2022-09-07,available,3200
701,thubertfa@xrea.com,Bikers Point,DIO,500,2022-09-03,2022-09-04,available,500
702,lniemetz8q@ifeng.com,Bikers Spots,pulsar,800,2022-09-02,2022-09-03,available,800
703,vbaxstarejj@google.nl,Bikers Point,DIO,500,2022-09-02,2022-09-05,available,1500
704,gsword47@blogtalkradio.com,iones two wheelers,DIO,500,2022-09-01,2022-09-03,available,1000
705,hcraigmyle6o@si.edu,Bikers Hub,Royal enfeild bullet 350,1000,2022-09-01,2022-09-03,available,2000
706,cgahangk@gmpg.org,Bikers Point,DIO,500,2022-09-01,2022-09-11,available,5000
707,ebeaman16@slashdot.org,Bikers Spots,pulsar,800,2022-08-28,2022-08-30,available,1600
708,aickovic3o@sphinn.com,Bikers Hub,pulsar,800,2022-08-28,2022-08-30,available,1600
709,chogbin5k@ted.com,Bikers Hub,Royal enfeild bullet 350,1000,2022-08-28,2022-09-01,available,4000
710,aleighcz@youtu.be,Bikers Hub,pulsar,800,2022-08-28,2022-08-30,available,1600
711,dhefferone6@twitter.com,Bikers Lover,Activa,600,2022-08-28,2022-08-30,available,1200
712,srosingdallk8@istockphoto.com,Bikers Hub,pulsar,800,2022-08-28,2022-08-30,available,1600
713,frenoliz@nifty.com,Bikers Spots,Hunter 350,1200,2022-08-27,2022-08-29,available,2400
714,crultonnc@disqus.com,Bikers Hub,Royal enfeild bullet 350,1000,2022-08-27,2022-08-29,available,2000
715,jgraalmannx@reverbnation.com,Bikers Lover,Activa,600,2022-08-27,2022-08-30,available,1800
716,dbaly89@businessinsider.com,Bikers Lover,Activa,600,2022-08-26,2022-08-28,available,1200
717,obootyman2w@zimbio.com,iones two wheelers,DIO,500,2022-08-25,2022-08-30,available,2500
718,cgeekieol@statcounter.com,Bikers Spots,pulsar,800,2022-08-25,2022-08-27,available,1600
719,mhaselup54@netlog.com,Bikers Hunt,DIO,500,2022-08-24,2022-08-27,available,1500
720,lkerwin6e@fotki.com,iones two wheelers,DIO,500,2022-08-24,2022-08-25,available,500
721,akrinkga@e-recht24.de,iones two wheelers,DIO,500,2022-08-24,2022-08-27,available,1500
722,ldaycejk@unesco.org,Bikers Hunt,DIO,500,2022-08-24,2022-09-01,available,4000
723,nstaddonm5@unblog.fr,iones two wheelers,Royal enfeild interceptor,2000,2022-08-24,2022-08-28,available,8000
724,jgarrbw@free.fr,Bikers Spots,Himalayan 450,1500,2022-08-23,2022-08-27,available,6000
725,lpeternf@1688.com,iones two wheelers,DIO,500,2022-08-22,2022-08-23,available,500
726,gtosney6@archive.org,Bikers Hub,Royal enfeild bullet 350,1000,2022-08-21,2022-08-22,available,1000
727,rrushforthb4@google.nl,Bikers Spots,pulsar,800,2022-08-20,2022-08-24,available,3200
728,fbaitsonkh@linkedin.com,Bikers Spots,pulsar,800,2022-08-20,2022-08-23,available,2400
729,zcabanpr@prlog.org,Bikers Point,DIO,500,2022-08-20,2022-08-24,available,2000
730,fconnichie3n@bigcartel.com,Bikers Point,DIO,500,2022-08-19,2022-08-20,available,500
731,hcullneannl@abc.net.au,Bikers Hub,pulsar,800,2022-08-18,2022-08-20,available,1600
732,jdurtnal3h@xrea.com,Bikers Lover,Activa,600,2022-08-17,2022-08-18,available,600
733,memons60@addthis.com,Bikers Hub,pulsar,800,2022-08-16,2022-08-21,available,4000
734,nvilesbe@squidoo.com,Bikers Point,DIO,500,2022-08-16,2022-08-18,available,1000
735,halesdb@google.com.au,Bikers Spots,Hunter 350,1200,2022-08-16,2022-08-21,available,6000
736,rlauchlan4q@barnesandnoble.com,Bikers Hunt,DIO,500,2022-08-15,2022-08-17,available,1000
737,nprynf1@quantcast.com,Bikers Point,DIO,500,2022-08-15,2022-08-25,available,5000
738,vchoulertonpe@nps.gov,Bikers Point,DIO,500,2022-08-15,2022-08-18,available,1500
739,iswindleycs@buzzfeed.com,Bikers Lover,Activa,600,2022-08-14,2022-08-17,available,1800
740,wcollmangp@abc.net.au,Bikers Hub,pulsar,800,2022-08-14,2022-08-16,available,1600
741,kcampagne99@mtv.com,Bikers Hunt,Royal enfeild interceptor,2000,2022-08-13,2022-08-16,available,6000
742,zfaganfk@uol.com.br,Bikers Point,DIO,500,2022-08-12,2022-08-14,available,1000
743,gcoulthardnq@nps.gov,iones two wheelers,DIO,500,2022-08-12,2022-08-18,available,3000
744,dkirkbride9k@senate.gov,Bikers Hub,pulsar,800,2022-08-11,2022-08-12,available,800
745,gbownessag@hubpages.com,Bikers Hub,pulsar,800,2022-08-11,2022-08-15,available,3200
746,inapoleonee5@eepurl.com,Bikers Spots,Hunter 350,1200,2022-08-11,2022-08-14,available,3600
747,margylerd@nature.com,Bikers Hub,pulsar,800,2022-08-11,2022-08-13,available,1600
748,echessor2f@imageshack.us,Bikers Point,DIO,500,2022-08-10,2022-08-11,available,500
749,zdowne9e@google.co.uk,Bikers Spots,pulsar,800,2022-08-10,2022-08-14,available,3200
750,zcarnamanh9@marriott.com,Bikers Spots,Continental GT 650,1800,2022-08-10,2022-08-13,available,5400
751,shaydenrm@yahoo.co.jp,Bikers Hub,pulsar,800,2022-08-10,2022-08-15,available,4000
752,penga3c@google.it,Bikers Hub,pulsar,800,2022-08-09,2022-08-10,available,800
753,gocarrol9q@imageshack.us,Bikers Hub,Royal enfeild bullet 350,1000,2022-08-09,2022-08-10,available,1000
754,iwyonkn@slate.com,Bikers Point,DIO,500,2022-08-09,2022-08-12,available,1500
755,qhowseleequ@tmall.com,iones two wheelers,DIO,500,2022-08-09,2022-08-17,available,4000
756,aclairejt@multiply.com,Bikers Hub,Royal enfeild bullet 350,1000,2022-08-08,2022-08-10,available,2000
757,vbridsonkw@illinois.edu,Bikers Point,DIO,500,2022-08-06,2022-08-16,available,5000
758,pemer1a@github.com,Bikers Point,DIO,500,2022-08-05,2022-08-07,available,1000
759,agilleandn@google.ru,iones two wheelers,DIO,500,2022-08-05,2022-08-13,available,4000
760,hgilchriestdt@go.com,Bikers Point,DIO,500,2022-08-05,2022-08-08,available,1500
761,bbalconp2@who.int,Bikers Point,Himalayan 450,1500,2022-08-05,2022-08-15,available,15000
762,mbabbpn@twitpic.com,Bikers Hub,Royal enfeild bullet 350,1000,2022-08-05,2022-08-11,available,6000
763,lalbin6c@xinhuanet.com,Bikers Hunt,DIO,500,2022-08-03,2022-08-04,available,500
764,ckopfenhm@jugem.jp,Bikers Spots,pulsar,800,2022-08-03,2022-08-08,available,4000
765,fcoatmanoh@mac.com,Bikers Spots,Hunter 350,1200,2022-08-03,2022-08-11,available,9600
766,anelson3@qq.com,Bikers Hub,Royal enfeild bullet 350,1000,2022-08-02,2022-08-07,available,5000
767,aspiveybz@mail.ru,Bikers Spots,Hunter 350,1200,2022-08-02,2022-08-05,available,3600
768,ddesboroughef@cdbaby.com,Bikers Hub,pulsar,800,2022-08-02,2022-08-03,available,800
769,lrosariofu@narod.ru,Bikers Lover,Activa,600,2022-08-02,2022-08-03,available,600
770,sgianetti1m@marriott.com,Bikers Hunt,pulsar,800,2022-08-01,2022-08-07,available,4800
771,bloader3b@sun.com,Bikers Hub,pulsar,800,2022-08-01,2022-08-02,available,800
772,pmanstoncj@google.it,Bikers Point,Himalayan 450,1500,2022-08-01,2022-08-04,available,4500
773,lmclernonfi@businessinsider.com,Bikers Point,DIO,500,2022-08-01,2022-08-06,available,2500
774,gdemicoliiw@photobucket.com,Bikers Hub,pulsar,800,2022-08-01,2022-08-02,available,800
775,spaxfordem7@eventbrite.com,iones two wheelers,DIO,500,2022-08-01,2022-08-04,available,1500
776,agrzeszczykp1@vkontakte.ru,Bikers Hunt,DIO,500,2022-08-01,2022-08-08,available,3500
777,rreysonr6@google.com,Bikers Hunt,pulsar,800,2022-08-01,2022-08-03,available,1600
778,aairliehg@newsvine.com,Bikers Spots,Hunter 350,1200,2022-07-28,2022-08-05,available,9600
779,aesplinm9@soundcloud.com,Bikers Point,Himalayan 450,1500,2022-07-25,2022-07-28,available,4500
780,lmunforddd@illinois.edu,Bikers Hub,Royal enfeild bullet 350,1000,2022-07-23,2022-07-25,available,2000
781,mdibbendl@squarespace.com,Bikers Hunt,DIO,500,2022-07-23,2022-07-24,available,500
782,awhetsonmq@exblog.jp,iones two wheelers,Royal enfeild interceptor,2000,2022-07-23,2022-07-31,available,16000
783,ibrunsenh@vk.com,Bikers Lover,Activa,600,2022-07-20,2022-07-24,available,2400
784,ctatterton3t@wunderground.com,Bikers Point,DIO,500,2022-07-20,2022-07-23,available,1500
785,pgwylltof@163.com,iones two wheelers,DIO,500,2022-07-20,2022-07-22,available,1000
786,kbyssherf@mayoclinic.com,Bikers Point,Himalayan 450,1500,2022-07-20,2022-07-25,available,7500
787,apurrington3e@networksolutions.com,Bikers Point,DIO,500,2022-07-19,2022-07-26,available,3500
788,gtocknellqy@istockphoto.com,Bikers Spots,Hunter 350,1200,2022-07-19,2022-07-21,available,2400
789,idelaprelle1l@google.nl,Bikers Point,DIO,500,2022-07-18,2022-07-24,available,3000
790,amussettfr@lulu.com,Bikers Lover,Activa,600,2022-07-17,2022-07-18,available,600
791,mdockwray5y@blogtalkradio.com,Bikers Spots,Continental GT 650,1800,2022-07-15,2022-07-22,available,12600
792,adevote93@joomla.org,Bikers Spots,Hunter 350,1200,2022-07-13,2022-07-14,available,1200
793,stomaszewskira@netscape.com,Bikers Hub,Royal enfeild bullet 350,1000,2022-07-13,2022-07-15,available,2000
794,lblunnai@dailymail.co.uk,Bikers Hunt,DIO,500,2022-07-11,2022-07-14,available,1500
795,kbushernb@zdnet.com,Bikers Spots,pulsar,800,2022-07-10,2022-07-18,available,6400
796,esieb90@boston.com,Bikers Hub,Royal enfeild bullet 350,1000,2022-07-07,2022-07-09,available,2000
797,ipascallo1@biglobe.ne.jp,Bikers Point,DIO,500,2022-07-07,2022-07-10,available,1500
798,bnorsistera3@nyu.edu,Bikers Point,DIO,500,2022-07-06,2022-07-16,available,5000
799,dizat7t@vkontakte.ru,Bikers Lover,Activa,600,2022-07-05,2022-07-08,available,1800
800,nshurmand8@360.cn,Bikers Hub,Royal enfeild bullet 350,1000,2022-07-05,2022-07-08,available,3000
801,snystrom28@businesswire.com,iones two wheelers,DIO,500,2022-07-04,2022-07-06,available,1000
802,smiltonwhiteq2@joomla.org,Bikers Hunt,DIO,500,2022-07-04,2022-07-05,available,500
803,eboater7u@wsj.com,Bikers Hunt,DIO,500,2022-06-27,2022-06-29,available,1000
804,keklessde@pen.io,Bikers Point,DIO,500,2022-06-27,2022-06-29,available,1000
805,asteddallcu@nps.gov,Bikers Hub,pulsar,800,2022-06-25,2022-06-27,available,1600
806,mmckinlayjx@xing.com,Bikers Spots,pulsar,800,2022-06-23,2022-06-24,available,800
807,droostan13@about.me,Bikers Hub,pulsar,800,2022-06-22,2022-06-27,available,4000
808,bswadden45@mayoclinic.com,Bikers Hub,Royal enfeild bullet 350,1000,2022-06-22,2022-06-24,available,2000
809,klantoph4j@google.ca,Bikers Hunt,DIO,500,2022-06-21,2022-06-25,available,2000
810,zlunaiu@va.gov,Bikers Spots,Hunter 350,1200,2022-06-20,2022-06-26,available,7200
811,tpargeteret@wikispaces.com,Bikers Hub,Royal enfeild bullet 350,1000,2022-06-18,2022-06-23,available,5000
812,lhospital22@theguardian.com,Bikers Lover,Royal enfeild interceptor,2000,2022-06-15,2022-06-19,available,8000
813,ggluyaslx@ibm.com,Bikers Hub,Royal enfeild bullet 350,1000,2022-06-14,2022-06-15,available,1000
814,chizirb2@theglobeandmail.com,Bikers Lover,Activa,600,2022-06-13,2022-06-14,available,600
815,dbrienju@seattletimes.com,iones two wheelers,DIO,500,2022-06-13,2022-06-15,available,1000
816,rmulberry6g@comcast.net,iones two wheelers,DIO,500,2022-06-12,2022-06-22,available,5000
817,pgowers11@springer.com,Bikers Spots,pulsar,800,2022-06-11,2022-06-12,available,800
818,hfairlambpg@cocolog-nifty.com,Bikers Lover,Activa,600,2022-06-11,2022-06-15,available,2400
819,ltortoishellpi@oaic.gov.au,Bikers Hub,Royal enfeild bullet 350,1000,2022-06-11,2022-06-12,available,1000
820,ebeekman61@zimbio.com,Bikers Spots,Hunter 350,1200,2022-06-10,2022-06-11,available,1200
821,alamey9p@1688.com,Bikers Lover,Activa,600,2022-06-08,2022-06-15,available,4200
822,dfreethba@ocn.ne.jp,Bikers Point,DIO,500,2022-06-07,2022-06-10,available,1500
823,eseymered@imgur.com,Bikers Hub,pulsar,800,2022-06-07,2022-06-10,available,2400
824,fhickeringillle@wordpress.com,Bikers Lover,Activa,600,2022-06-07,2022-06-09,available,1200
825,kgauthorpp5u@dedecms.com,Bikers Hunt,DIO,500,2022-06-06,2022-06-08,available,1000
826,ptiddemancy@statcounter.com,iones two wheelers,DIO,500,2022-06-06,2022-06-07,available,500
827,rcalafaton8@chicagotribune.com,Bikers Spots,pulsar,800,2022-06-05,2022-06-06,available,800
828,mmcphillipsct@sciencedirect.com,Bikers Spots,Hunter 350,1200,2022-06-04,2022-06-07,available,3600
829,gbthamkg@wiley.com,iones two wheelers,DIO,500,2022-06-04,2022-06-06,available,1000
830,pseamarkem1@xing.com,Bikers Point,DIO,500,2022-06-04,2022-06-06,available,1000
831,sespier5@fotki.com,Bikers Point,DIO,500,2022-06-04,2022-06-09,available,2500
832,schampneysbj@shinystat.com,Bikers Hub,Royal enfeild bullet 350,1000,2022-06-02,2022-06-04,available,2000
833,kcheinegf@utexas.edu,Bikers Point,DIO,500,2022-06-01,2022-06-03,available,1000
834,gmazonowiczrj@senate.gov,Bikers Hub,Royal enfeild bullet 350,1000,2022-05-28,2022-06-05,available,8000
835,mserjentdy@tripadvisor.com,Bikers Spots,pulsar,800,2022-05-26,2022-05-31,available,4000
836,vboasqs@addtoany.com,Bikers Spots,pulsar,800,2022-05-26,2022-05-27,available,800
837,zhanhardt3d@abc.net.au,Bikers Spots,pulsar,800,2022-05-23,2022-05-25,available,1600
838,zalltimesdj@lycos.com,Bikers Point,Himalayan 450,1500,2022-05-20,2022-05-22,available,3000
839,eduffillq5@g.co,Bikers Lover,Royal enfeild interceptor,2000,2022-05-20,2022-05-23,available,6000
840,bkisbyo5@infoseek.co.jp,Bikers Spots,pulsar,800,2022-05-17,2022-05-22,available,4000
841,lbortolettinn@printfriendly.com,Bikers Lover,Royal enfeild interceptor,2000,2022-05-16,2022-05-20,available,8000
842,dmordonc@tiny.cc,Bikers Hub,pulsar,800,2022-05-11,2022-05-12,available,800
843,kbamseya4@shareasale.com,Bikers Spots,Hunter 350,1200,2022-05-10,2022-05-13,available,3600
844,kclark6n@usatoday.com,Bikers Spots,Hunter 350,1200,2022-05-07,2022-05-11,available,4800
845,rmockfordac@java.com,iones two wheelers,DIO,500,2022-05-06,2022-05-07,available,500
846,gmattingley3k@pagesperso-orange.fr,Bikers Hub,Royal enfeild bullet 350,1000,2022-05-05,2022-05-08,available,3000
847,eavesquenz@etsy.com,Bikers Spots,Hunter 350,1200,2022-05-05,2022-05-08,available,3600
848,gderyebarrett2q@ox.ac.uk,Bikers Spots,Continental GT 650,1800,2022-05-03,2022-05-08,available,9000
849,dgonthierb0@wordpress.com,Bikers Hub,Royal enfeild bullet 350,1000,2022-04-27,2022-05-05,available,8000
850,ppackham5n@jalbum.net,Bikers Spots,pulsar,800,2022-04-24,2022-04-26,available,1600
851,cpurseydr@constantcontact.com,Bikers Point,DIO,500,2022-04-24,2022-04-25,available,500
852,wthandia8@deliciousdays.com,Bikers Hunt,DIO,500,2022-04-23,2022-04-25,available,1000
853,ifearnallgy@altervista.org,iones two wheelers,DIO,500,2022-04-23,2022-04-26,available,1500
854,tjakewayii@nytimes.com,Bikers Hunt,DIO,500,2022-04-23,2022-04-25,available,1000
855,eviguscm@japanpost.jp,Bikers Hub,Royal enfeild bullet 350,1000,2022-04-21,2022-04-23,available,2000
856,grankin48@meetup.com,Bikers Spots,Continental GT 650,1800,2022-04-20,2022-04-23,available,5400
857,akopelmanif@free.fr,Bikers Point,DIO,500,2022-04-20,2022-04-26,available,3000
858,wdobesonao@biglobe.ne.jp,Bikers Spots,pulsar,800,2022-04-19,2022-04-25,available,4800
859,dbachman5g@sohu.com,Bikers Point,DIO,500,2022-04-16,2022-04-19,available,1500
860,pthornewillhu@google.com,Bikers Lover,Activa,600,2022-04-16,2022-04-21,available,3000
861,idameiselept@umich.edu,iones two wheelers,DIO,500,2022-04-16,2022-04-18,available,1000
862,lraubheim1t@yelp.com,Bikers Hub,Royal enfeild bullet 350,1000,2022-04-15,2022-04-20,available,5000
863,mdelacosteg8@sohu.com,Bikers Point,DIO,500,2022-04-15,2022-04-17,available,1000
864,rlangmani7@woothemes.com,Bikers Spots,Hunter 350,1200,2022-04-15,2022-04-18,available,3600
865,oarnsonl8@wordpress.com,Bikers Lover,Activa,600,2022-04-15,2022-04-16,available,600
866,tfieldstoneis@merriam-webster.com,iones two wheelers,DIO,500,2022-04-14,2022-04-15,available,500
867,cleyman5i@example.com,Bikers Point,DIO,500,2022-04-13,2022-04-17,available,2000
868,tmixhelaj@wix.com,Bikers Hunt,DIO,500,2022-04-13,2022-04-14,available,500
869,alindroosgr@columbia.edu,iones two wheelers,DIO,500,2022-04-13,2022-04-16,available,1500
870,brevelandqh@hao123.com,Bikers Hub,Royal enfeild bullet 350,1000,2022-04-13,2022-04-20,available,7000
871,dgadie6s@php.net,Bikers Spots,pulsar,800,2022-04-11,2022-04-17,available,4800
872,csteckings2s@so-net.ne.jp,Bikers Hub,Royal enfeild bullet 350,1000,2022-04-10,2022-04-12,available,2000
873,sthormwello8@vistaprint.com,Bikers Point,DIO,500,2022-04-10,2022-04-12,available,1000
874,tsillars6z@wired.com,Bikers Lover,Activa,600,2022-04-09,2022-04-13,available,2400
875,ckertessk9@virginia.edu,Bikers Hunt,DIO,500,2022-04-09,2022-04-14,available,2500
876,igolteu@discovery.com,iones two wheelers,DIO,500,2022-04-08,2022-04-10,available,1000
877,jlegliseot@toplist.cz,Bikers Point,DIO,500,2022-04-08,2022-04-13,available,2500
878,kgrassettl0@hc360.com,Bikers Point,DIO,500,2022-04-06,2022-04-08,available,1000
879,kcarryergn@jalbum.net,Bikers Hub,Royal enfeild bullet 350,1000,2022-04-01,2022-04-04,available,3000
880,bdunckleehv@ask.com,Bikers Point,DIO,500,2022-04-01,2022-04-02,available,500
881,mrodsonqt@paypal.com,Bikers Hub,pulsar,800,2022-03-28,2022-03-30,available,1600
882,rgibbingshs@wikispaces.com,Bikers Hub,Royal enfeild bullet 350,1000,2022-03-26,2022-03-27,available,1000
883,nannisj5@cbslocal.com,Bikers Hunt,pulsar,800,2022-03-26,2022-03-30,available,3200
884,locarranc5@google.es,Bikers Hunt,DIO,500,2022-03-25,2022-03-30,available,2500
885,eforemangu@woothemes.com,Bikers Spots,Hunter 350,1200,2022-03-21,2022-03-24,available,3600
886,mauthers3q@nba.com,Bikers Point,DIO,500,2022-03-20,2022-03-21,available,500
887,ctuftx@smh.com.au,Bikers Spots,Hunter 350,1200,2022-03-19,2022-03-24,available,6000
888,llinnitgh@amazonaws.com,Bikers Lover,Activa,600,2022-03-19,2022-03-24,available,3000
889,fhadgraftho@myspace.com,Bikers Lover,Activa,600,2022-03-19,2022-03-21,available,1200
890,gkalewe4o@youtu.be,Bikers Point,DIO,500,2022-03-18,2022-03-19,available,500
891,mdwirekt@nhs.uk,iones two wheelers,DIO,500,2022-03-18,2022-03-20,available,1000
892,nkynstonon@sohu.com,Bikers Hub,Royal enfeild bullet 350,1000,2022-03-18,2022-03-23,available,5000
893,cdefrancescog0@aboutads.info,Bikers Point,Himalayan 450,1500,2022-03-17,2022-03-23,available,9000
894,bvaldermm@ibm.com,Bikers Lover,Activa,600,2022-03-17,2022-03-20,available,1800
895,fnindbl@wsj.com,Bikers Hub,Royal enfeild bullet 350,1000,2022-03-16,2022-03-19,available,3000
896,jtitchmarshqv@apache.org,Bikers Spots,Hunter 350,1200,2022-03-16,2022-03-18,available,2400
897,itommeije@seesaa.net,iones two wheelers,DIO,500,2022-03-15,2022-03-18,available,1500
898,aboyfordfj@flickr.com,iones two wheelers,DIO,500,2022-03-13,2022-03-16,available,1500
899,isanthouseb@yellowpages.com,Bikers Lover,Activa,600,2022-03-11,2022-03-17,available,3600
900,cganing9d@ucoz.ru,Bikers Hunt,DIO,500,2022-03-10,2022-03-13,available,1500
901,clivingsf9@edublogs.org,Bikers Point,DIO,500,2022-03-10,2022-03-15,available,2500
902,mhazeman2a@google.cn,iones two wheelers,Royal enfeild interceptor,2000,2022-03-08,2022-03-15,available,14000
903,ysallansjg@infoseek.co.jp,Bikers Hub,Royal enfeild bullet 350,1000,2022-03-06,2022-03-11,available,5000
904,llenschhi@cnn.com,Bikers Hub,Royal enfeild bullet 350,1000,2022-03-03,2022-03-08,available,5000
905,tocahillox@huffingtonpost.com,Bikers Hub,Royal enfeild bullet 350,1000,2022-02-27,2022-03-03,available,4000
906,mvasyunichev24@163.com,Bikers Point,DIO,500,2022-02-25,2022-02-27,available,1000
907,jshyresea@state.tx.us,Bikers Hunt,Royal enfeild interceptor,2000,2022-02-20,2022-02-23,available,6000
908,rschubusergx@tripod.com,Bikers Point,DIO,500,2022-02-20,2022-02-27,available,3500
909,ghanmore3j@bizjournals.com,Bikers Spots,pulsar,800,2022-02-19,2022-02-21,available,1600
910,bcaskieb7@addthis.com,Bikers Spots,Continental GT 650,1800,2022-02-18,2022-02-23,available,9000
911,gcreelmanpw@cisco.com,Bikers Lover,Activa,600,2022-02-16,2022-02-17,available,600
912,mcamelli82@nih.gov,Bikers Hub,pulsar,800,2022-02-13,2022-02-19,available,4800
913,tgamblesg3@unc.edu,Bikers Lover,Activa,600,2022-02-13,2022-02-16,available,1800
914,lcardon9x@reverbnation.com,Bikers Lover,Activa,600,2022-02-12,2022-02-13,available,600
915,kgolston2r@techcrunch.com,Bikers Point,DIO,500,2022-02-10,2022-02-12,available,1000
916,bhollowsj9@oracle.com,Bikers Hub,Royal enfeild bullet 350,1000,2022-02-09,2022-02-18,available,9000
917,gjuhruke6p@rediff.com,iones two wheelers,DIO,500,2022-02-07,2022-02-09,available,1000
918,dclemettslw@mac.com,Bikers Spots,pulsar,800,2022-02-06,2022-02-07,available,800
919,cheed4k@pen.io,Bikers Spots,Hunter 350,1200,2022-02-04,2022-02-10,available,7200
920,fsimonellibq@samsung.com,Bikers Hub,Royal enfeild bullet 350,1000,2022-02-04,2022-02-05,available,1000
921,adossettoren@linkedin.com,Bikers Hub,Royal enfeild bullet 350,1000,2022-02-04,2022-02-11,available,7000
922,fjerochgb@cornell.edu,Bikers Spots,Continental GT 650,1800,2022-02-03,2022-02-05,available,3600
923,nloveardib@umich.edu,Bikers Lover,Activa,600,2022-02-01,2022-02-05,available,2400
924,piwanickij4@goo.ne.jp,Bikers Lover,Activa,600,2022-02-01,2022-02-03,available,1200
925,gkinnettil@livejournal.com,Bikers Point,DIO,500,2022-01-28,2022-01-31,available,1500
926,cbuckokejw@nydailynews.com,iones two wheelers,DIO,500,2022-01-28,2022-02-06,available,4500
927,rchrystalka@mtv.com,Bikers Hub,Royal enfeild bullet 350,1000,2022-01-28,2022-02-02,available,5000
928,phaggath3x@mapy.cz,Bikers Hub,pulsar,800,2022-01-27,2022-02-01,available,4000
929,pfromant9m@huffingtonpost.com,Bikers Spots,Hunter 350,1200,2022-01-27,2022-02-06,available,12000
930,gaffusohk@imageshack.us,Bikers Point,Himalayan 450,1500,2022-01-27,2022-02-01,available,7500
931,amayberryeo@bluehost.com,Bikers Hub,pulsar,800,2022-01-26,2022-01-29,available,2400
932,dtritten1g@1688.com,Bikers Hunt,pulsar,800,2022-01-25,2022-01-26,available,800
933,rstruttlv@uol.com.br,iones two wheelers,Royal enfeild interceptor,2000,2022-01-25,2022-01-27,available,4000
934,abriggeoo@drupal.org,iones two wheelers,DIO,500,2022-01-25,2022-01-27,available,1000
935,tranvoise4s@yahoo.com,Bikers Point,Himalayan 450,1500,2022-01-24,2022-01-26,available,3000
936,bmouncebd@usda.gov,iones two wheelers,DIO,500,2022-01-24,2022-01-27,available,1500
937,dmessierc0@github.io,Bikers Point,Himalayan 450,1500,2022-01-24,2022-02-01,available,12000
938,fshilitonf6@ed.gov,Bikers Hunt,DIO,500,2022-01-24,2022-01-26,available,1000
939,ctruranad@barnesandnoble.com,Bikers Hub,Royal enfeild bullet 350,1000,2022-01-23,2022-01-26,available,3000
940,cschapiroej@friendfeed.com,Bikers Spots,pulsar,800,2022-01-23,2022-01-26,available,2400
941,adebnamfc@google.it,Bikers Hub,pulsar,800,2022-01-23,2022-01-24,available,800
942,eairdbx@theglobeandmail.com,Bikers Hunt,pulsar,800,2022-01-22,2022-01-23,available,800
943,wbernardeschihz@toplist.cz,Bikers Spots,Hunter 350,1200,2022-01-22,2022-01-27,available,6000
944,lpetzoldj1@hao123.com,iones two wheelers,DIO,500,2022-01-22,2022-01-26,available,2000
945,hthomazinjb@a8.net,Bikers Hub,Royal enfeild bullet 350,1000,2022-01-22,2022-02-01,available,10000
946,jsisselotq@wired.com,Bikers Spots,Hunter 350,1200,2022-01-21,2022-01-23,available,2400
947,gkubani0@blinklist.com,Bikers Hunt,DIO,500,2022-01-21,2022-01-23,available,1000
948,bsigsworthow@photobucket.com,Bikers Lover,Activa,600,2022-01-21,2022-01-24,available,1800
949,ssewellbs@paypal.com,Bikers Spots,Himalayan 450,1500,2022-01-20,2022-01-23,available,4500
950,gdufffh@tiny.cc,Bikers Hub,pulsar,800,2022-01-20,2022-01-22,available,1600
951,tgoldthorpe2l@businessinsider.com,Bikers Hub,Royal enfeild bullet 350,1000,2022-01-18,2022-01-28,available,10000
952,jwarder9@gmpg.org,Bikers Hub,pulsar,800,2022-01-18,2022-01-23,available,4000
953,mburgill1f@java.com,Bikers Spots,pulsar,800,2022-01-17,2022-01-21,available,3200
954,rwessell62@bloomberg.com,Bikers Point,DIO,500,2022-01-17,2022-01-20,available,1500
955,cdaggett7a@ox.ac.uk,Bikers Hunt,DIO,500,2022-01-17,2022-01-21,available,2000
956,mximenez5a@woothemes.com,Bikers Hunt,DIO,500,2022-01-16,2022-01-17,available,500
957,zspickb1@scribd.com,Bikers Spots,Hunter 350,1200,2022-01-16,2022-01-19,available,3600
958,ereucastlek7@opera.com,Bikers Hub,Royal enfeild bullet 350,1000,2022-01-16,2022-01-20,available,4000
959,relwillo2@si.edu,Bikers Hunt,DIO,500,2022-01-16,2022-01-17,available,500
960,bgorellin1@cornell.edu,Bikers Hub,Royal enfeild bullet 350,1000,2022-01-15,2022-01-18,available,3000
961,alight6u@eventbrite.com,Bikers Spots,pulsar,800,2022-01-13,2022-01-21,available,6400
962,rblownea1@latimes.com,Bikers Hub,pulsar,800,2022-01-13,2022-01-16,available,2400
963,kharwoodqq@ezinearticles.com,Bikers Spots,pulsar,800,2022-01-13,2022-01-14,available,800
964,sandrysek1o@behance.net,Bikers Hub,Royal enfeild bullet 350,1000,2022-01-12,2022-01-16,available,4000
965,gjoriotkj@slate.com,Bikers Lover,Activa,600,2022-01-12,2022-01-15,available,1800
966,scastellet49@seesaa.net,Bikers Hunt,DIO,500,2022-01-11,2022-01-13,available,1000
967,npoter57@apache.org,Bikers Hub,pulsar,800,2022-01-11,2022-01-15,available,3200
968,bewbanckj6@csmonitor.com,iones two wheelers,Royal enfeild interceptor,2000,2022-01-11,2022-01-14,available,6000
969,jblood2k@ebay.co.uk,Bikers Lover,Activa,600,2022-01-10,2022-01-20,available,6000
970,lgabotti51@webs.com,iones two wheelers,DIO,500,2022-01-10,2022-01-16,available,3000
971,cpittsf3@msn.com,Bikers Hub,Royal enfeild bullet 350,1000,2022-01-10,2022-01-11,available,1000
972,btremayneiy@digg.com,Bikers Hub,Royal enfeild bullet 350,1000,2022-01-10,2022-01-12,available,2000
973,ycookesc4@weather.com,iones two wheelers,DIO,500,2022-01-09,2022-01-14,available,2500
974,rmilthorpek@amazonaws.com,Bikers Lover,Activa,600,2022-01-08,2022-01-09,available,600
975,oyurtsevu@multiply.com,Bikers Spots,Hunter 350,1200,2022-01-08,2022-01-12,available,4800
976,hbonicelli5p@apache.org,Bikers Point,DIO,500,2022-01-08,2022-01-09,available,500
977,cmcleoidg5@amazon.co.uk,Bikers Spots,pulsar,800,2022-01-08,2022-01-12,available,3200
978,ojaquinmv@samsung.com,Bikers Point,DIO,500,2022-01-08,2022-01-16,available,4000
979,opalliser9@msu.edu,Bikers Hub,Royal enfeild bullet 350,1000,2022-01-06,2022-01-10,available,4000
980,hwerndley5r@wisc.edu,iones two wheelers,DIO,500,2022-01-06,2022-01-12,available,3000
981,bwinspurr7e@soundcloud.com,Bikers Hub,Royal enfeild bullet 350,1000,2022-01-06,2022-01-08,available,2000
982,paleshintsevfm@amazon.co.uk,iones two wheelers,DIO,500,2022-01-06,2022-01-07,available,500
983,jlongcakeg1@joomla.org,Bikers Hub,pulsar,800,2022-01-06,2022-01-08,available,1600
984,etattersk6@senate.gov,Bikers Spots,pulsar,800,2022-01-06,2022-01-08,available,1600
985,kgoodalekb@mysql.com,Bikers Hub,pulsar,800,2022-01-06,2022-01-07,available,800
986,rmahaddyos@ucsd.edu,Bikers Hunt,DIO,500,2022-01-06,2022-01-10,available,2000
987,clough4@google.co.uk,Bikers Hub,pulsar,800,2022-01-05,2022-01-10,available,4000
988,rgrandison25@gov.uk,Bikers Hub,pulsar,800,2022-01-05,2022-01-11,available,4800
989,dchingjr@simplemachines.org,iones two wheelers,Royal enfeild interceptor,2000,2022-01-05,2022-01-08,available,6000
990,mcanlinjv@xinhuanet.com,Bikers Hub,Royal enfeild bullet 350,1000,2022-01-05,2022-01-08,available,3000
991,bgurnettq3@reddit.com,Bikers Spots,Hunter 350,1200,2022-01-05,2022-01-07,available,2400
992,mvarran1k@joomla.org,Bikers Spots,Himalayan 450,1500,2022-01-04,2022-01-09,available,7500
993,fpeizer2j@nasa.gov,Bikers Hub,Royal enfeild bullet 350,1000,2022-01-03,2022-01-12,available,9000
994,eduffile1@dropbox.com,Bikers Point,DIO,500,2022-01-03,2022-01-04,available,500
995,glusher95@bigcartel.com,Bikers Lover,Activa,600,2022-01-02,2022-01-03,available,600
996,dlayzellam@redcross.org,Bikers Point,DIO,500,2022-01-02,2022-01-04,available,1000
997,jdeveremd@hhs.gov,iones two wheelers,Royal enfeild interceptor,2000,2022-01-02,2022-01-04,available,4000
998,apurseyn3@exblog.jp,Bikers Point,DIO,500,2022-01-02,2022-01-05,available,1500
999,jrecke6q@skype.com,Bikers Hub,pulsar,800,2022-01-01,2022-01-04,available,2400
1000,lspurdenhq@rambler.ru,Bikers Lover,Activa,600,2022-01-01,2022-01-03,available,1200
